1,2016-01-22-46,8.0
2,2016-01-22-46,0.0
3,2016-01-22-46,0.0
4,2016-01-22-46,16.0
5,2016-01-22-46,0.0
6,2016-01-22-46,9.0
7,2016-01-22-46,39.0
8,2016-01-22-46,264.0
9,2016-01-22-46,2.0
10,2016-01-22-46,2.0
11,2016-01-22-46,2.0
12,2016-01-22-46,17.0
13,2016-01-22-46,0.0
14,2016-01-22-46,86.0
15,2016-01-22-46,0.0
16,2016-01-22-46,1.0
17,2016-01-22-46,0.0
18,2016-01-22-46,1.0
19,2016-01-22-46,1.0
20,2016-01-22-46,3.0
21,2016-01-22-46,3.0
22,2016-01-22-46,4.0
23,2016-01-22-46,142.0
24,2016-01-22-46,155.0
25,2016-01-22-46,1.0
26,2016-01-22-46,8.0
27,2016-01-22-46,13.0
28,2016-01-22-46,13.0
29,2016-01-22-46,4.0
30,2016-01-22-46,0.0
31,2016-01-22-46,4.0
32,2016-01-22-46,0.0
33,2016-01-22-46,0.0
34,2016-01-22-46,1.0
35,2016-01-22-46,0.0
36,2016-01-22-46,1.0
37,2016-01-22-46,86.0
38,2016-01-22-46,8.0
39,2016-01-22-46,0.0
40,2016-01-22-46,2.0
41,2016-01-22-46,1.0
42,2016-01-22-46,7.0
43,2016-01-22-46,0.0
44,2016-01-22-46,1.0
45,2016-01-22-46,0.0
46,2016-01-22-46,168.0
47,2016-01-22-46,3.0
48,2016-01-22-46,52.0
49,2016-01-22-46,0.0
50,2016-01-22-46,0.0
51,2016-01-22-46,61.0
52,2016-01-22-46,0.0
53,2016-01-22-46,1.0
54,2016-01-22-46,0.0
55,2016-01-22-46,0.0
56,2016-01-22-46,0.0
57,2016-01-22-46,0.0
58,2016-01-22-46,1.0
59,2016-01-22-46,3.0
60,2016-01-22-46,1.0
61,2016-01-22-46,0.0
62,2016-01-22-46,0.0
63,2016-01-22-46,0.0
64,2016-01-22-46,0.0
65,2016-01-22-46,0.0
66,2016-01-22-46,0.0
1,2016-01-22-58,4.0
2,2016-01-22-58,0.0
3,2016-01-22-58,1.0
4,2016-01-22-58,81.0
5,2016-01-22-58,1.0
6,2016-01-22-58,27.0
7,2016-01-22-58,9.0
8,2016-01-22-58,177.0
9,2016-01-22-58,9.0
10,2016-01-22-58,2.0
11,2016-01-22-58,1.0
12,2016-01-22-58,4.0
13,2016-01-22-58,2.0
14,2016-01-22-58,6.0
15,2016-01-22-58,0.0
16,2016-01-22-58,4.0
17,2016-01-22-58,0.0
18,2016-01-22-58,1.0
19,2016-01-22-58,2.0
20,2016-01-22-58,5.0
21,2016-01-22-58,5.0
22,2016-01-22-58,10.0
23,2016-01-22-58,171.0
24,2016-01-22-58,90.0
25,2016-01-22-58,21.0
26,2016-01-22-58,97.0
27,2016-01-22-58,9.0
28,2016-01-22-58,11.0
29,2016-01-22-58,8.0
30,2016-01-22-58,0.0
31,2016-01-22-58,3.0
32,2016-01-22-58,0.0
33,2016-01-22-58,0.0
34,2016-01-22-58,1.0
35,2016-01-22-58,2.0
36,2016-01-22-58,1.0
37,2016-01-22-58,268.0
38,2016-01-22-58,9.0
39,2016-01-22-58,1.0
40,2016-01-22-58,2.0
41,2016-01-22-58,3.0
42,2016-01-22-58,5.0
43,2016-01-22-58,0.0
44,2016-01-22-58,0.0
45,2016-01-22-58,0.0
46,2016-01-22-58,124.0
47,2016-01-22-58,2.0
48,2016-01-22-58,8.0
49,2016-01-22-58,0.0
50,2016-01-22-58,0.0
51,2016-01-22-58,36.0
52,2016-01-22-58,1.0
53,2016-01-22-58,17.0
54,2016-01-22-58,0.0
55,2016-01-22-58,0.0
56,2016-01-22-58,0.0
57,2016-01-22-58,1.0
58,2016-01-22-58,1.0
59,2016-01-22-58,0.0
60,2016-01-22-58,0.0
61,2016-01-22-58,0.0
62,2016-01-22-58,0.0
63,2016-01-22-58,0.0
64,2016-01-22-58,0.0
65,2016-01-22-58,0.0
66,2016-01-22-58,0.0
1,2016-01-22-70,5.0
2,2016-01-22-70,0.0
3,2016-01-22-70,1.0
4,2016-01-22-70,11.0
5,2016-01-22-70,0.0
6,2016-01-22-70,10.0
7,2016-01-22-70,6.0
8,2016-01-22-70,23.0
9,2016-01-22-70,1.0
10,2016-01-22-70,0.0
11,2016-01-22-70,1.0
12,2016-01-22-70,3.0
13,2016-01-22-70,0.0
14,2016-01-22-70,4.0
15,2016-01-22-70,0.0
16,2016-01-22-70,1.0
17,2016-01-22-70,0.0
18,2016-01-22-70,1.0
19,2016-01-22-70,1.0
20,2016-01-22-70,5.0
21,2016-01-22-70,2.0
22,2016-01-22-70,12.0
23,2016-01-22-70,72.0
24,2016-01-22-70,40.0
25,2016-01-22-70,2.0
26,2016-01-22-70,4.0
27,2016-01-22-70,8.0
28,2016-01-22-70,4.0
29,2016-01-22-70,5.0
30,2016-01-22-70,0.0
31,2016-01-22-70,2.0
32,2016-01-22-70,0.0
33,2016-01-22-70,1.0
34,2016-01-22-70,1.0
35,2016-01-22-70,1.0
36,2016-01-22-70,0.0
37,2016-01-22-70,11.0
38,2016-01-22-70,2.0
39,2016-01-22-70,1.0
40,2016-01-22-70,1.0
41,2016-01-22-70,1.0
42,2016-01-22-70,3.0
43,2016-01-22-70,0.0
44,2016-01-22-70,0.0
45,2016-01-22-70,0.0
46,2016-01-22-70,31.0
47,2016-01-22-70,5.0
48,2016-01-22-70,7.0
49,2016-01-22-70,0.0
50,2016-01-22-70,0.0
51,2016-01-22-70,15.0
52,2016-01-22-70,0.0
53,2016-01-22-70,2.0
54,2016-01-22-70,0.0
55,2016-01-22-70,0.0
56,2016-01-22-70,0.0
57,2016-01-22-70,0.0
58,2016-01-22-70,1.0
59,2016-01-22-70,0.0
60,2016-01-22-70,0.0
61,2016-01-22-70,0.0
62,2016-01-22-70,0.0
63,2016-01-22-70,0.0
64,2016-01-22-70,0.0
65,2016-01-22-70,0.0
66,2016-01-22-70,0.0
1,2016-01-22-82,5.0
2,2016-01-22-82,0.0
3,2016-01-22-82,0.0
4,2016-01-22-82,8.0
5,2016-01-22-82,1.0
6,2016-01-22-82,8.0
7,2016-01-22-82,64.0
8,2016-01-22-82,106.0
9,2016-01-22-82,1.0
10,2016-01-22-82,0.0
11,2016-01-22-82,1.0
12,2016-01-22-82,3.0
13,2016-01-22-82,0.0
14,2016-01-22-82,8.0
15,2016-01-22-82,0.0
16,2016-01-22-82,1.0
17,2016-01-22-82,0.0
18,2016-01-22-82,1.0
19,2016-01-22-82,2.0
20,2016-01-22-82,4.0
21,2016-01-22-82,2.0
22,2016-01-22-82,12.0
23,2016-01-22-82,31.0
24,2016-01-22-82,52.0
25,2016-01-22-82,1.0
26,2016-01-22-82,27.0
27,2016-01-22-82,10.0
28,2016-01-22-82,6.0
29,2016-01-22-82,3.0
30,2016-01-22-82,0.0
31,2016-01-22-82,2.0
32,2016-01-22-82,0.0
33,2016-01-22-82,1.0
34,2016-01-22-82,1.0
35,2016-01-22-82,4.0
36,2016-01-22-82,0.0
37,2016-01-22-82,54.0
38,2016-01-22-82,1.0
39,2016-01-22-82,1.0
40,2016-01-22-82,1.0
41,2016-01-22-82,1.0
42,2016-01-22-82,3.0
43,2016-01-22-82,0.0
44,2016-01-22-82,0.0
45,2016-01-22-82,1.0
46,2016-01-22-82,14.0
47,2016-01-22-82,6.0
48,2016-01-22-82,23.0
49,2016-01-22-82,0.0
50,2016-01-22-82,0.0
51,2016-01-22-82,30.0
52,2016-01-22-82,0.0
53,2016-01-22-82,1.0
54,2016-01-22-82,0.0
55,2016-01-22-82,0.0
56,2016-01-22-82,0.0
57,2016-01-22-82,0.0
58,2016-01-22-82,1.0
59,2016-01-22-82,0.0
60,2016-01-22-82,0.0
61,2016-01-22-82,0.0
62,2016-01-22-82,0.0
63,2016-01-22-82,0.0
64,2016-01-22-82,0.0
65,2016-01-22-82,0.0
66,2016-01-22-82,0.0
1,2016-01-22-94,4.0
2,2016-01-22-94,0.0
3,2016-01-22-94,0.0
4,2016-01-22-94,5.0
5,2016-01-22-94,1.0
6,2016-01-22-94,3.0
7,2016-01-22-94,139.0
8,2016-01-22-94,99.0
9,2016-01-22-94,3.0
10,2016-01-22-94,1.0
11,2016-01-22-94,1.0
12,2016-01-22-94,3.0
13,2016-01-22-94,0.0
14,2016-01-22-94,8.0
15,2016-01-22-94,0.0
16,2016-01-22-94,1.0
17,2016-01-22-94,0.0
18,2016-01-22-94,1.0
19,2016-01-22-94,1.0
20,2016-01-22-94,3.0
21,2016-01-22-94,2.0
22,2016-01-22-94,16.0
23,2016-01-22-94,51.0
24,2016-01-22-94,12.0
25,2016-01-22-94,1.0
26,2016-01-22-94,3.0
27,2016-01-22-94,8.0
28,2016-01-22-94,5.0
29,2016-01-22-94,1.0
30,2016-01-22-94,0.0
31,2016-01-22-94,2.0
32,2016-01-22-94,0.0
33,2016-01-22-94,0.0
34,2016-01-22-94,1.0
35,2016-01-22-94,1.0
36,2016-01-22-94,0.0
37,2016-01-22-94,75.0
38,2016-01-22-94,1.0
39,2016-01-22-94,1.0
40,2016-01-22-94,1.0
41,2016-01-22-94,1.0
42,2016-01-22-94,2.0
43,2016-01-22-94,1.0
44,2016-01-22-94,0.0
45,2016-01-22-94,0.0
46,2016-01-22-94,10.0
47,2016-01-22-94,1.0
48,2016-01-22-94,102.0
49,2016-01-22-94,0.0
50,2016-01-22-94,0.0
51,2016-01-22-94,137.0
52,2016-01-22-94,0.0
53,2016-01-22-94,0.0
54,2016-01-22-94,0.0
55,2016-01-22-94,0.0
56,2016-01-22-94,0.0
57,2016-01-22-94,0.0
58,2016-01-22-94,1.0
59,2016-01-22-94,0.0
60,2016-01-22-94,0.0
61,2016-01-22-94,0.0
62,2016-01-22-94,0.0
63,2016-01-22-94,0.0
64,2016-01-22-94,0.0
65,2016-01-22-94,0.0
66,2016-01-22-94,0.0
1,2016-01-22-106,7.0
2,2016-01-22-106,1.0
3,2016-01-22-106,1.0
4,2016-01-22-106,12.0
5,2016-01-22-106,1.0
6,2016-01-22-106,0.0
7,2016-01-22-106,401.0
8,2016-01-22-106,312.0
9,2016-01-22-106,2.0
10,2016-01-22-106,1.0
11,2016-01-22-106,4.0
12,2016-01-22-106,8.0
13,2016-01-22-106,2.0
14,2016-01-22-106,55.0
15,2016-01-22-106,0.0
16,2016-01-22-106,2.0
17,2016-01-22-106,0.0
18,2016-01-22-106,1.0
19,2016-01-22-106,4.0
20,2016-01-22-106,7.0
21,2016-01-22-106,4.0
22,2016-01-22-106,31.0
23,2016-01-22-106,152.0
24,2016-01-22-106,4.0
25,2016-01-22-106,1.0
26,2016-01-22-106,44.0
27,2016-01-22-106,14.0
28,2016-01-22-106,43.0
29,2016-01-22-106,5.0
30,2016-01-22-106,1.0
31,2016-01-22-106,2.0
32,2016-01-22-106,0.0
33,2016-01-22-106,0.0
34,2016-01-22-106,1.0
35,2016-01-22-106,7.0
36,2016-01-22-106,3.0
37,2016-01-22-106,222.0
38,2016-01-22-106,0.0
39,2016-01-22-106,2.0
40,2016-01-22-106,1.0
41,2016-01-22-106,2.0
42,2016-01-22-106,5.0
43,2016-01-22-106,1.0
44,2016-01-22-106,0.0
45,2016-01-22-106,2.0
46,2016-01-22-106,30.0
47,2016-01-22-106,1.0
48,2016-01-22-106,316.0
49,2016-01-22-106,0.0
50,2016-01-22-106,0.0
51,2016-01-22-106,894.0
52,2016-01-22-106,0.0
53,2016-01-22-106,9.0
54,2016-01-22-106,0.0
55,2016-01-22-106,0.0
56,2016-01-22-106,1.0
57,2016-01-22-106,0.0
58,2016-01-22-106,0.0
59,2016-01-22-106,0.0
60,2016-01-22-106,0.0
61,2016-01-22-106,0.0
62,2016-01-22-106,1.0
63,2016-01-22-106,0.0
64,2016-01-22-106,0.0
65,2016-01-22-106,0.0
66,2016-01-22-106,0.0
1,2016-01-22-118,7.0
2,2016-01-22-118,1.0
3,2016-01-22-118,0.0
4,2016-01-22-118,11.0
5,2016-01-22-118,0.0
6,2016-01-22-118,1.0
7,2016-01-22-118,80.0
8,2016-01-22-118,56.0
9,2016-01-22-118,1.0
10,2016-01-22-118,0.0
11,2016-01-22-118,1.0
12,2016-01-22-118,4.0
13,2016-01-22-118,0.0
14,2016-01-22-118,4.0
15,2016-01-22-118,0.0
16,2016-01-22-118,0.0
17,2016-01-22-118,0.0
18,2016-01-22-118,1.0
19,2016-01-22-118,1.0
20,2016-01-22-118,5.0
21,2016-01-22-118,2.0
22,2016-01-22-118,16.0
23,2016-01-22-118,27.0
24,2016-01-22-118,2.0
25,2016-01-22-118,2.0
26,2016-01-22-118,112.0
27,2016-01-22-118,7.0
28,2016-01-22-118,15.0
29,2016-01-22-118,1.0
30,2016-01-22-118,0.0
31,2016-01-22-118,2.0
32,2016-01-22-118,0.0
33,2016-01-22-118,0.0
34,2016-01-22-118,0.0
35,2016-01-22-118,6.0
36,2016-01-22-118,1.0
37,2016-01-22-118,8.0
38,2016-01-22-118,1.0
39,2016-01-22-118,1.0
40,2016-01-22-118,1.0
41,2016-01-22-118,1.0
42,2016-01-22-118,2.0
43,2016-01-22-118,0.0
44,2016-01-22-118,0.0
45,2016-01-22-118,0.0
46,2016-01-22-118,6.0
47,2016-01-22-118,0.0
48,2016-01-22-118,34.0
49,2016-01-22-118,0.0
50,2016-01-22-118,0.0
51,2016-01-22-118,118.0
52,2016-01-22-118,0.0
53,2016-01-22-118,1.0
54,2016-01-22-118,0.0
55,2016-01-22-118,0.0
56,2016-01-22-118,0.0
57,2016-01-22-118,0.0
58,2016-01-22-118,0.0
59,2016-01-22-118,0.0
60,2016-01-22-118,0.0
61,2016-01-22-118,0.0
62,2016-01-22-118,0.0
63,2016-01-22-118,0.0
64,2016-01-22-118,0.0
65,2016-01-22-118,0.0
66,2016-01-22-118,0.0
1,2016-01-22-130,7.0
2,2016-01-22-130,0.0
3,2016-01-22-130,0.0
4,2016-01-22-130,9.0
5,2016-01-22-130,0.0
6,2016-01-22-130,1.0
7,2016-01-22-130,141.0
8,2016-01-22-130,124.0
9,2016-01-22-130,1.0
10,2016-01-22-130,0.0
11,2016-01-22-130,1.0
12,2016-01-22-130,6.0
13,2016-01-22-130,1.0
14,2016-01-22-130,7.0
15,2016-01-22-130,0.0
16,2016-01-22-130,1.0
17,2016-01-22-130,0.0
18,2016-01-22-130,0.0
19,2016-01-22-130,3.0
20,2016-01-22-130,5.0
21,2016-01-22-130,2.0
22,2016-01-22-130,15.0
23,2016-01-22-130,91.0
24,2016-01-22-130,4.0
25,2016-01-22-130,1.0
26,2016-01-22-130,2.0
27,2016-01-22-130,8.0
28,2016-01-22-130,145.0
29,2016-01-22-130,1.0
30,2016-01-22-130,0.0
31,2016-01-22-130,1.0
32,2016-01-22-130,0.0
33,2016-01-22-130,0.0
34,2016-01-22-130,0.0
35,2016-01-22-130,2.0
36,2016-01-22-130,0.0
37,2016-01-22-130,21.0
38,2016-01-22-130,2.0
39,2016-01-22-130,4.0
40,2016-01-22-130,1.0
41,2016-01-22-130,0.0
42,2016-01-22-130,2.0
43,2016-01-22-130,0.0
44,2016-01-22-130,0.0
45,2016-01-22-130,0.0
46,2016-01-22-130,20.0
47,2016-01-22-130,1.0
48,2016-01-22-130,169.0
49,2016-01-22-130,0.0
50,2016-01-22-130,0.0
51,2016-01-22-130,804.0
52,2016-01-22-130,0.0
53,2016-01-22-130,0.0
54,2016-01-22-130,0.0
55,2016-01-22-130,0.0
56,2016-01-22-130,0.0
57,2016-01-22-130,0.0
58,2016-01-22-130,0.0
59,2016-01-22-130,0.0
60,2016-01-22-130,0.0
61,2016-01-22-130,0.0
62,2016-01-22-130,1.0
63,2016-01-22-130,0.0
64,2016-01-22-130,0.0
65,2016-01-22-130,0.0
66,2016-01-22-130,0.0
1,2016-01-22-142,3.0
2,2016-01-22-142,0.0
3,2016-01-22-142,0.0
4,2016-01-22-142,1.0
5,2016-01-22-142,0.0
6,2016-01-22-142,0.0
7,2016-01-22-142,5.0
8,2016-01-22-142,6.0
9,2016-01-22-142,1.0
10,2016-01-22-142,0.0
11,2016-01-22-142,0.0
12,2016-01-22-142,5.0
13,2016-01-22-142,0.0
14,2016-01-22-142,2.0
15,2016-01-22-142,0.0
16,2016-01-22-142,1.0
17,2016-01-22-142,0.0
18,2016-01-22-142,1.0
19,2016-01-22-142,1.0
20,2016-01-22-142,2.0
21,2016-01-22-142,1.0
22,2016-01-22-142,14.0
23,2016-01-22-142,33.0
24,2016-01-22-142,2.0
25,2016-01-22-142,1.0
26,2016-01-22-142,1.0
27,2016-01-22-142,4.0
28,2016-01-22-142,6.0
29,2016-01-22-142,1.0
30,2016-01-22-142,0.0
31,2016-01-22-142,1.0
32,2016-01-22-142,0.0
33,2016-01-22-142,0.0
34,2016-01-22-142,0.0
35,2016-01-22-142,0.0
36,2016-01-22-142,0.0
37,2016-01-22-142,3.0
38,2016-01-22-142,1.0
39,2016-01-22-142,1.0
40,2016-01-22-142,1.0
41,2016-01-22-142,0.0
42,2016-01-22-142,9.0
43,2016-01-22-142,0.0
44,2016-01-22-142,0.0
45,2016-01-22-142,0.0
46,2016-01-22-142,2.0
47,2016-01-22-142,1.0
48,2016-01-22-142,17.0
49,2016-01-22-142,0.0
50,2016-01-22-142,0.0
51,2016-01-22-142,146.0
52,2016-01-22-142,0.0
53,2016-01-22-142,0.0
54,2016-01-22-142,0.0
55,2016-01-22-142,0.0
56,2016-01-22-142,0.0
57,2016-01-22-142,0.0
58,2016-01-22-142,0.0
59,2016-01-22-142,0.0
60,2016-01-22-142,0.0
61,2016-01-22-142,0.0
62,2016-01-22-142,0.0
63,2016-01-22-142,0.0
64,2016-01-22-142,0.0
65,2016-01-22-142,0.0
66,2016-01-22-142,0.0
1,2016-01-24-58,4.0
2,2016-01-24-58,0.0
3,2016-01-24-58,1.0
4,2016-01-24-58,5.0
5,2016-01-24-58,0.0
6,2016-01-24-58,5.0
7,2016-01-24-58,18.0
8,2016-01-24-58,60.0
9,2016-01-24-58,2.0
10,2016-01-24-58,1.0
11,2016-01-24-58,1.0
12,2016-01-24-58,2.0
13,2016-01-24-58,1.0
14,2016-01-24-58,10.0
15,2016-01-24-58,0.0
16,2016-01-24-58,1.0
17,2016-01-24-58,0.0
18,2016-01-24-58,1.0
19,2016-01-24-58,1.0
20,2016-01-24-58,3.0
21,2016-01-24-58,1.0
22,2016-01-24-58,9.0
23,2016-01-24-58,33.0
24,2016-01-24-58,64.0
25,2016-01-24-58,1.0
26,2016-01-24-58,3.0
27,2016-01-24-58,8.0
28,2016-01-24-58,5.0
29,2016-01-24-58,6.0
30,2016-01-24-58,0.0
31,2016-01-24-58,4.0
32,2016-01-24-58,0.0
33,2016-01-24-58,0.0
34,2016-01-24-58,1.0
35,2016-01-24-58,1.0
36,2016-01-24-58,1.0
37,2016-01-24-58,41.0
38,2016-01-24-58,4.0
39,2016-01-24-58,1.0
40,2016-01-24-58,2.0
41,2016-01-24-58,1.0
42,2016-01-24-58,5.0
43,2016-01-24-58,0.0
44,2016-01-24-58,0.0
45,2016-01-24-58,0.0
46,2016-01-24-58,48.0
47,2016-01-24-58,1.0
48,2016-01-24-58,8.0
49,2016-01-24-58,1.0
50,2016-01-24-58,0.0
51,2016-01-24-58,17.0
52,2016-01-24-58,0.0
53,2016-01-24-58,1.0
54,2016-01-24-58,0.0
55,2016-01-24-58,0.0
56,2016-01-24-58,0.0
57,2016-01-24-58,0.0
58,2016-01-24-58,1.0
59,2016-01-24-58,0.0
60,2016-01-24-58,0.0
61,2016-01-24-58,0.0
62,2016-01-24-58,0.0
63,2016-01-24-58,0.0
64,2016-01-24-58,0.0
65,2016-01-24-58,0.0
66,2016-01-24-58,0.0
1,2016-01-24-70,4.0
2,2016-01-24-70,0.0
3,2016-01-24-70,0.0
4,2016-01-24-70,5.0
5,2016-01-24-70,1.0
6,2016-01-24-70,2.0
7,2016-01-24-70,14.0
8,2016-01-24-70,68.0
9,2016-01-24-70,7.0
10,2016-01-24-70,1.0
11,2016-01-24-70,1.0
12,2016-01-24-70,5.0
13,2016-01-24-70,1.0
14,2016-01-24-70,21.0
15,2016-01-24-70,0.0
16,2016-01-24-70,2.0
17,2016-01-24-70,0.0
18,2016-01-24-70,1.0
19,2016-01-24-70,2.0
20,2016-01-24-70,8.0
21,2016-01-24-70,2.0
22,2016-01-24-70,10.0
23,2016-01-24-70,49.0
24,2016-01-24-70,86.0
25,2016-01-24-70,1.0
26,2016-01-24-70,34.0
27,2016-01-24-70,9.0
28,2016-01-24-70,16.0
29,2016-01-24-70,7.0
30,2016-01-24-70,1.0
31,2016-01-24-70,2.0
32,2016-01-24-70,0.0
33,2016-01-24-70,0.0
34,2016-01-24-70,1.0
35,2016-01-24-70,2.0
36,2016-01-24-70,1.0
37,2016-01-24-70,124.0
38,2016-01-24-70,3.0
39,2016-01-24-70,1.0
40,2016-01-24-70,1.0
41,2016-01-24-70,2.0
42,2016-01-24-70,3.0
43,2016-01-24-70,0.0
44,2016-01-24-70,0.0
45,2016-01-24-70,1.0
46,2016-01-24-70,122.0
47,2016-01-24-70,3.0
48,2016-01-24-70,5.0
49,2016-01-24-70,0.0
50,2016-01-24-70,0.0
51,2016-01-24-70,25.0
52,2016-01-24-70,0.0
53,2016-01-24-70,1.0
54,2016-01-24-70,0.0
55,2016-01-24-70,0.0
56,2016-01-24-70,0.0
57,2016-01-24-70,0.0
58,2016-01-24-70,1.0
59,2016-01-24-70,0.0
60,2016-01-24-70,0.0
61,2016-01-24-70,0.0
62,2016-01-24-70,0.0
63,2016-01-24-70,0.0
64,2016-01-24-70,0.0
65,2016-01-24-70,0.0
66,2016-01-24-70,0.0
1,2016-01-24-82,5.0
2,2016-01-24-82,0.0
3,2016-01-24-82,0.0
4,2016-01-24-82,7.0
5,2016-01-24-82,1.0
6,2016-01-24-82,4.0
7,2016-01-24-82,33.0
8,2016-01-24-82,62.0
9,2016-01-24-82,1.0
10,2016-01-24-82,1.0
11,2016-01-24-82,2.0
12,2016-01-24-82,5.0
13,2016-01-24-82,0.0
14,2016-01-24-82,11.0
15,2016-01-24-82,0.0
16,2016-01-24-82,2.0
17,2016-01-24-82,0.0
18,2016-01-24-82,1.0
19,2016-01-24-82,2.0
20,2016-01-24-82,3.0
21,2016-01-24-82,2.0
22,2016-01-24-82,12.0
23,2016-01-24-82,60.0
24,2016-01-24-82,26.0
25,2016-01-24-82,2.0
26,2016-01-24-82,8.0
27,2016-01-24-82,11.0
28,2016-01-24-82,14.0
29,2016-01-24-82,4.0
30,2016-01-24-82,0.0
31,2016-01-24-82,2.0
32,2016-01-24-82,1.0
33,2016-01-24-82,0.0
34,2016-01-24-82,1.0
35,2016-01-24-82,1.0
36,2016-01-24-82,1.0
37,2016-01-24-82,48.0
38,2016-01-24-82,5.0
39,2016-01-24-82,1.0
40,2016-01-24-82,1.0
41,2016-01-24-82,1.0
42,2016-01-24-82,3.0
43,2016-01-24-82,0.0
44,2016-01-24-82,0.0
45,2016-01-24-82,1.0
46,2016-01-24-82,25.0
47,2016-01-24-82,3.0
48,2016-01-24-82,34.0
49,2016-01-24-82,0.0
50,2016-01-24-82,0.0
51,2016-01-24-82,34.0
52,2016-01-24-82,0.0
53,2016-01-24-82,1.0
54,2016-01-24-82,0.0
55,2016-01-24-82,0.0
56,2016-01-24-82,0.0
57,2016-01-24-82,0.0
58,2016-01-24-82,0.0
59,2016-01-24-82,0.0
60,2016-01-24-82,0.0
61,2016-01-24-82,0.0
62,2016-01-24-82,0.0
63,2016-01-24-82,0.0
64,2016-01-24-82,0.0
65,2016-01-24-82,0.0
66,2016-01-24-82,0.0
1,2016-01-24-94,5.0
2,2016-01-24-94,0.0
3,2016-01-24-94,0.0
4,2016-01-24-94,3.0
5,2016-01-24-94,1.0
6,2016-01-24-94,2.0
7,2016-01-24-94,26.0
8,2016-01-24-94,33.0
9,2016-01-24-94,2.0
10,2016-01-24-94,1.0
11,2016-01-24-94,1.0
12,2016-01-24-94,4.0
13,2016-01-24-94,0.0
14,2016-01-24-94,5.0
15,2016-01-24-94,0.0
16,2016-01-24-94,1.0
17,2016-01-24-94,0.0
18,2016-01-24-94,1.0
19,2016-01-24-94,1.0
20,2016-01-24-94,3.0
21,2016-01-24-94,2.0
22,2016-01-24-94,13.0
23,2016-01-24-94,19.0
24,2016-01-24-94,9.0
25,2016-01-24-94,1.0
26,2016-01-24-94,4.0
27,2016-01-24-94,9.0
28,2016-01-24-94,8.0
29,2016-01-24-94,1.0
30,2016-01-24-94,0.0
31,2016-01-24-94,1.0
32,2016-01-24-94,0.0
33,2016-01-24-94,0.0
34,2016-01-24-94,1.0
35,2016-01-24-94,3.0
36,2016-01-24-94,1.0
37,2016-01-24-94,17.0
38,2016-01-24-94,2.0
39,2016-01-24-94,1.0
40,2016-01-24-94,1.0
41,2016-01-24-94,1.0
42,2016-01-24-94,6.0
43,2016-01-24-94,0.0
44,2016-01-24-94,0.0
45,2016-01-24-94,0.0
46,2016-01-24-94,4.0
47,2016-01-24-94,0.0
48,2016-01-24-94,117.0
49,2016-01-24-94,0.0
50,2016-01-24-94,0.0
51,2016-01-24-94,36.0
52,2016-01-24-94,0.0
53,2016-01-24-94,1.0
54,2016-01-24-94,0.0
55,2016-01-24-94,0.0
56,2016-01-24-94,1.0
57,2016-01-24-94,0.0
58,2016-01-24-94,1.0
59,2016-01-24-94,0.0
60,2016-01-24-94,0.0
61,2016-01-24-94,0.0
62,2016-01-24-94,0.0
63,2016-01-24-94,0.0
64,2016-01-24-94,0.0
65,2016-01-24-94,0.0
66,2016-01-24-94,0.0
1,2016-01-24-106,8.0
2,2016-01-24-106,1.0
3,2016-01-24-106,1.0
4,2016-01-24-106,5.0
5,2016-01-24-106,0.0
6,2016-01-24-106,2.0
7,2016-01-24-106,30.0
8,2016-01-24-106,49.0
9,2016-01-24-106,2.0
10,2016-01-24-106,1.0
11,2016-01-24-106,3.0
12,2016-01-24-106,20.0
13,2016-01-24-106,2.0
14,2016-01-24-106,8.0
15,2016-01-24-106,0.0
16,2016-01-24-106,4.0
17,2016-01-24-106,0.0
18,2016-01-24-106,1.0
19,2016-01-24-106,2.0
20,2016-01-24-106,5.0
21,2016-01-24-106,2.0
22,2016-01-24-106,21.0
23,2016-01-24-106,34.0
24,2016-01-24-106,5.0
25,2016-01-24-106,5.0
26,2016-01-24-106,2.0
27,2016-01-24-106,14.0
28,2016-01-24-106,21.0
29,2016-01-24-106,6.0
30,2016-01-24-106,0.0
31,2016-01-24-106,2.0
32,2016-01-24-106,0.0
33,2016-01-24-106,0.0
34,2016-01-24-106,1.0
35,2016-01-24-106,3.0
36,2016-01-24-106,1.0
37,2016-01-24-106,11.0
38,2016-01-24-106,1.0
39,2016-01-24-106,1.0
40,2016-01-24-106,1.0
41,2016-01-24-106,2.0
42,2016-01-24-106,8.0
43,2016-01-24-106,0.0
44,2016-01-24-106,0.0
45,2016-01-24-106,1.0
46,2016-01-24-106,5.0
47,2016-01-24-106,0.0
48,2016-01-24-106,278.0
49,2016-01-24-106,0.0
50,2016-01-24-106,0.0
51,2016-01-24-106,235.0
52,2016-01-24-106,0.0
53,2016-01-24-106,0.0
54,2016-01-24-106,0.0
55,2016-01-24-106,0.0
56,2016-01-24-106,1.0
57,2016-01-24-106,0.0
58,2016-01-24-106,0.0
59,2016-01-24-106,0.0
60,2016-01-24-106,0.0
61,2016-01-24-106,0.0
62,2016-01-24-106,1.0
63,2016-01-24-106,0.0
64,2016-01-24-106,0.0
65,2016-01-24-106,0.0
66,2016-01-24-106,0.0
1,2016-01-24-118,7.0
2,2016-01-24-118,1.0
3,2016-01-24-118,0.0
4,2016-01-24-118,2.0
5,2016-01-24-118,0.0
6,2016-01-24-118,1.0
7,2016-01-24-118,11.0
8,2016-01-24-118,16.0
9,2016-01-24-118,2.0
10,2016-01-24-118,1.0
11,2016-01-24-118,1.0
12,2016-01-24-118,4.0
13,2016-01-24-118,0.0
14,2016-01-24-118,6.0
15,2016-01-24-118,0.0
16,2016-01-24-118,0.0
17,2016-01-24-118,0.0
18,2016-01-24-118,1.0
19,2016-01-24-118,1.0
20,2016-01-24-118,3.0
21,2016-01-24-118,2.0
22,2016-01-24-118,15.0
23,2016-01-24-118,24.0
24,2016-01-24-118,5.0
25,2016-01-24-118,2.0
26,2016-01-24-118,1.0
27,2016-01-24-118,9.0
28,2016-01-24-118,7.0
29,2016-01-24-118,2.0
30,2016-01-24-118,0.0
31,2016-01-24-118,2.0
32,2016-01-24-118,0.0
33,2016-01-24-118,0.0
34,2016-01-24-118,1.0
35,2016-01-24-118,1.0
36,2016-01-24-118,1.0
37,2016-01-24-118,6.0
38,2016-01-24-118,3.0
39,2016-01-24-118,2.0
40,2016-01-24-118,1.0
41,2016-01-24-118,0.0
42,2016-01-24-118,2.0
43,2016-01-24-118,0.0
44,2016-01-24-118,0.0
45,2016-01-24-118,0.0
46,2016-01-24-118,3.0
47,2016-01-24-118,3.0
48,2016-01-24-118,15.0
49,2016-01-24-118,1.0
50,2016-01-24-118,0.0
51,2016-01-24-118,86.0
52,2016-01-24-118,0.0
53,2016-01-24-118,0.0
54,2016-01-24-118,0.0
55,2016-01-24-118,0.0
56,2016-01-24-118,0.0
57,2016-01-24-118,0.0
58,2016-01-24-118,1.0
59,2016-01-24-118,0.0
60,2016-01-24-118,0.0
61,2016-01-24-118,0.0
62,2016-01-24-118,0.0
63,2016-01-24-118,1.0
64,2016-01-24-118,0.0
65,2016-01-24-118,0.0
66,2016-01-24-118,0.0
1,2016-01-24-130,6.0
2,2016-01-24-130,0.0
3,2016-01-24-130,0.0
4,2016-01-24-130,14.0
5,2016-01-24-130,0.0
6,2016-01-24-130,0.0
7,2016-01-24-130,15.0
8,2016-01-24-130,71.0
9,2016-01-24-130,2.0
10,2016-01-24-130,1.0
11,2016-01-24-130,1.0
12,2016-01-24-130,11.0
13,2016-01-24-130,0.0
14,2016-01-24-130,3.0
15,2016-01-24-130,0.0
16,2016-01-24-130,1.0
17,2016-01-24-130,0.0
18,2016-01-24-130,1.0
19,2016-01-24-130,2.0
20,2016-01-24-130,3.0
21,2016-01-24-130,1.0
22,2016-01-24-130,11.0
23,2016-01-24-130,136.0
24,2016-01-24-130,8.0
25,2016-01-24-130,1.0
26,2016-01-24-130,1.0
27,2016-01-24-130,8.0
28,2016-01-24-130,19.0
29,2016-01-24-130,2.0
30,2016-01-24-130,0.0
31,2016-01-24-130,1.0
32,2016-01-24-130,0.0
33,2016-01-24-130,0.0
34,2016-01-24-130,1.0
35,2016-01-24-130,1.0
36,2016-01-24-130,0.0
37,2016-01-24-130,8.0
38,2016-01-24-130,1.0
39,2016-01-24-130,2.0
40,2016-01-24-130,1.0
41,2016-01-24-130,1.0
42,2016-01-24-130,2.0
43,2016-01-24-130,1.0
44,2016-01-24-130,0.0
45,2016-01-24-130,0.0
46,2016-01-24-130,4.0
47,2016-01-24-130,0.0
48,2016-01-24-130,54.0
49,2016-01-24-130,0.0
50,2016-01-24-130,0.0
51,2016-01-24-130,479.0
52,2016-01-24-130,0.0
53,2016-01-24-130,0.0
54,2016-01-24-130,0.0
55,2016-01-24-130,0.0
56,2016-01-24-130,1.0
57,2016-01-24-130,0.0
58,2016-01-24-130,0.0
59,2016-01-24-130,0.0
60,2016-01-24-130,0.0
61,2016-01-24-130,0.0
62,2016-01-24-130,1.0
63,2016-01-24-130,0.0
64,2016-01-24-130,0.0
65,2016-01-24-130,0.0
66,2016-01-24-130,0.0
1,2016-01-24-142,3.0
2,2016-01-24-142,0.0
3,2016-01-24-142,0.0
4,2016-01-24-142,1.0
5,2016-01-24-142,0.0
6,2016-01-24-142,0.0
7,2016-01-24-142,5.0
8,2016-01-24-142,6.0
9,2016-01-24-142,1.0
10,2016-01-24-142,0.0
11,2016-01-24-142,0.0
12,2016-01-24-142,3.0
13,2016-01-24-142,0.0
14,2016-01-24-142,2.0
15,2016-01-24-142,0.0
16,2016-01-24-142,1.0
17,2016-01-24-142,0.0
18,2016-01-24-142,1.0
19,2016-01-24-142,2.0
20,2016-01-24-142,1.0
21,2016-01-24-142,1.0
22,2016-01-24-142,10.0
23,2016-01-24-142,13.0
24,2016-01-24-142,2.0
25,2016-01-24-142,1.0
26,2016-01-24-142,1.0
27,2016-01-24-142,8.0
28,2016-01-24-142,6.0
29,2016-01-24-142,1.0
30,2016-01-24-142,0.0
31,2016-01-24-142,1.0
32,2016-01-24-142,0.0
33,2016-01-24-142,0.0
34,2016-01-24-142,0.0
35,2016-01-24-142,0.0
36,2016-01-24-142,0.0
37,2016-01-24-142,2.0
38,2016-01-24-142,1.0
39,2016-01-24-142,2.0
40,2016-01-24-142,0.0
41,2016-01-24-142,0.0
42,2016-01-24-142,2.0
43,2016-01-24-142,0.0
44,2016-01-24-142,0.0
45,2016-01-24-142,0.0
46,2016-01-24-142,2.0
47,2016-01-24-142,0.0
48,2016-01-24-142,12.0
49,2016-01-24-142,0.0
50,2016-01-24-142,0.0
51,2016-01-24-142,46.0
52,2016-01-24-142,0.0
53,2016-01-24-142,1.0
54,2016-01-24-142,0.0
55,2016-01-24-142,0.0
56,2016-01-24-142,0.0
57,2016-01-24-142,0.0
58,2016-01-24-142,0.0
59,2016-01-24-142,0.0
60,2016-01-24-142,0.0
61,2016-01-24-142,0.0
62,2016-01-24-142,0.0
63,2016-01-24-142,0.0
64,2016-01-24-142,0.0
65,2016-01-24-142,0.0
66,2016-01-24-142,0.0
1,2016-01-26-46,8.0
2,2016-01-26-46,0.0
3,2016-01-26-46,0.0
4,2016-01-26-46,9.0
5,2016-01-26-46,0.0
6,2016-01-26-46,12.0
7,2016-01-26-46,84.0
8,2016-01-26-46,437.0
9,2016-01-26-46,2.0
10,2016-01-26-46,1.0
11,2016-01-26-46,1.0
12,2016-01-26-46,3.0
13,2016-01-26-46,1.0
14,2016-01-26-46,66.0
15,2016-01-26-46,0.0
16,2016-01-26-46,1.0
17,2016-01-26-46,0.0
18,2016-01-26-46,2.0
19,2016-01-26-46,2.0
20,2016-01-26-46,7.0
21,2016-01-26-46,3.0
22,2016-01-26-46,8.0
23,2016-01-26-46,271.0
24,2016-01-26-46,73.0
25,2016-01-26-46,1.0
26,2016-01-26-46,22.0
27,2016-01-26-46,18.0
28,2016-01-26-46,23.0
29,2016-01-26-46,7.0
30,2016-01-26-46,0.0
31,2016-01-26-46,3.0
32,2016-01-26-46,0.0
33,2016-01-26-46,0.0
34,2016-01-26-46,1.0
35,2016-01-26-46,1.0
36,2016-01-26-46,1.0
37,2016-01-26-46,129.0
38,2016-01-26-46,6.0
39,2016-01-26-46,0.0
40,2016-01-26-46,2.0
41,2016-01-26-46,1.0
42,2016-01-26-46,9.0
43,2016-01-26-46,0.0
44,2016-01-26-46,2.0
45,2016-01-26-46,0.0
46,2016-01-26-46,204.0
47,2016-01-26-46,2.0
48,2016-01-26-46,45.0
49,2016-01-26-46,1.0
50,2016-01-26-46,0.0
51,2016-01-26-46,54.0
52,2016-01-26-46,0.0
53,2016-01-26-46,1.0
54,2016-01-26-46,0.0
55,2016-01-26-46,0.0
56,2016-01-26-46,0.0
57,2016-01-26-46,0.0
58,2016-01-26-46,1.0
59,2016-01-26-46,3.0
60,2016-01-26-46,0.0
61,2016-01-26-46,0.0
62,2016-01-26-46,0.0
63,2016-01-26-46,0.0
64,2016-01-26-46,0.0
65,2016-01-26-46,0.0
66,2016-01-26-46,0.0
1,2016-01-26-58,5.0
2,2016-01-26-58,0.0
3,2016-01-26-58,0.0
4,2016-01-26-58,77.0
5,2016-01-26-58,0.0
6,2016-01-26-58,29.0
7,2016-01-26-58,29.0
8,2016-01-26-58,241.0
9,2016-01-26-58,16.0
10,2016-01-26-58,2.0
11,2016-01-26-58,3.0
12,2016-01-26-58,4.0
13,2016-01-26-58,2.0
14,2016-01-26-58,35.0
15,2016-01-26-58,0.0
16,2016-01-26-58,5.0
17,2016-01-26-58,1.0
18,2016-01-26-58,2.0
19,2016-01-26-58,3.0
20,2016-01-26-58,5.0
21,2016-01-26-58,2.0
22,2016-01-26-58,15.0
23,2016-01-26-58,183.0
24,2016-01-26-58,84.0
25,2016-01-26-58,23.0
26,2016-01-26-58,48.0
27,2016-01-26-58,9.0
28,2016-01-26-58,19.0
29,2016-01-26-58,5.0
30,2016-01-26-58,0.0
31,2016-01-26-58,3.0
32,2016-01-26-58,0.0
33,2016-01-26-58,1.0
34,2016-01-26-58,1.0
35,2016-01-26-58,1.0
36,2016-01-26-58,1.0
37,2016-01-26-58,224.0
38,2016-01-26-58,6.0
39,2016-01-26-58,1.0
40,2016-01-26-58,1.0
41,2016-01-26-58,4.0
42,2016-01-26-58,3.0
43,2016-01-26-58,0.0
44,2016-01-26-58,0.0
45,2016-01-26-58,0.0
46,2016-01-26-58,89.0
47,2016-01-26-58,4.0
48,2016-01-26-58,22.0
49,2016-01-26-58,1.0
50,2016-01-26-58,0.0
51,2016-01-26-58,41.0
52,2016-01-26-58,0.0
53,2016-01-26-58,13.0
54,2016-01-26-58,0.0
55,2016-01-26-58,0.0
56,2016-01-26-58,0.0
57,2016-01-26-58,0.0
58,2016-01-26-58,1.0
59,2016-01-26-58,0.0
60,2016-01-26-58,0.0
61,2016-01-26-58,0.0
62,2016-01-26-58,0.0
63,2016-01-26-58,0.0
64,2016-01-26-58,0.0
65,2016-01-26-58,0.0
66,2016-01-26-58,0.0
1,2016-01-26-70,5.0
2,2016-01-26-70,0.0
3,2016-01-26-70,0.0
4,2016-01-26-70,9.0
5,2016-01-26-70,1.0
6,2016-01-26-70,3.0
7,2016-01-26-70,13.0
8,2016-01-26-70,50.0
9,2016-01-26-70,1.0
10,2016-01-26-70,0.0
11,2016-01-26-70,1.0
12,2016-01-26-70,17.0
13,2016-01-26-70,0.0
14,2016-01-26-70,13.0
15,2016-01-26-70,0.0
16,2016-01-26-70,1.0
17,2016-01-26-70,0.0
18,2016-01-26-70,1.0
19,2016-01-26-70,3.0
20,2016-01-26-70,7.0
21,2016-01-26-70,1.0
22,2016-01-26-70,14.0
23,2016-01-26-70,104.0
24,2016-01-26-70,30.0
25,2016-01-26-70,1.0
26,2016-01-26-70,4.0
27,2016-01-26-70,10.0
28,2016-01-26-70,7.0
29,2016-01-26-70,5.0
30,2016-01-26-70,0.0
31,2016-01-26-70,2.0
32,2016-01-26-70,0.0
33,2016-01-26-70,1.0
34,2016-01-26-70,1.0
35,2016-01-26-70,1.0
36,2016-01-26-70,0.0
37,2016-01-26-70,22.0
38,2016-01-26-70,2.0
39,2016-01-26-70,1.0
40,2016-01-26-70,1.0
41,2016-01-26-70,1.0
42,2016-01-26-70,6.0
43,2016-01-26-70,0.0
44,2016-01-26-70,0.0
45,2016-01-26-70,0.0
46,2016-01-26-70,26.0
47,2016-01-26-70,6.0
48,2016-01-26-70,45.0
49,2016-01-26-70,0.0
50,2016-01-26-70,0.0
51,2016-01-26-70,103.0
52,2016-01-26-70,0.0
53,2016-01-26-70,0.0
54,2016-01-26-70,0.0
55,2016-01-26-70,0.0
56,2016-01-26-70,0.0
57,2016-01-26-70,0.0
58,2016-01-26-70,1.0
59,2016-01-26-70,0.0
60,2016-01-26-70,0.0
61,2016-01-26-70,0.0
62,2016-01-26-70,0.0
63,2016-01-26-70,0.0
64,2016-01-26-70,0.0
65,2016-01-26-70,0.0
66,2016-01-26-70,0.0
1,2016-01-26-82,4.0
2,2016-01-26-82,0.0
3,2016-01-26-82,0.0
4,2016-01-26-82,8.0
5,2016-01-26-82,1.0
6,2016-01-26-82,2.0
7,2016-01-26-82,60.0
8,2016-01-26-82,120.0
9,2016-01-26-82,3.0
10,2016-01-26-82,1.0
11,2016-01-26-82,2.0
12,2016-01-26-82,4.0
13,2016-01-26-82,0.0
14,2016-01-26-82,50.0
15,2016-01-26-82,0.0
16,2016-01-26-82,1.0
17,2016-01-26-82,0.0
18,2016-01-26-82,1.0
19,2016-01-26-82,2.0
20,2016-01-26-82,3.0
21,2016-01-26-82,1.0
22,2016-01-26-82,13.0
23,2016-01-26-82,127.0
24,2016-01-26-82,56.0
25,2016-01-26-82,1.0
26,2016-01-26-82,3.0
27,2016-01-26-82,10.0
28,2016-01-26-82,11.0
29,2016-01-26-82,7.0
30,2016-01-26-82,0.0
31,2016-01-26-82,2.0
32,2016-01-26-82,0.0
33,2016-01-26-82,1.0
34,2016-01-26-82,1.0
35,2016-01-26-82,1.0
36,2016-01-26-82,1.0
37,2016-01-26-82,82.0
38,2016-01-26-82,3.0
39,2016-01-26-82,2.0
40,2016-01-26-82,2.0
41,2016-01-26-82,1.0
42,2016-01-26-82,4.0
43,2016-01-26-82,1.0
44,2016-01-26-82,0.0
45,2016-01-26-82,0.0
46,2016-01-26-82,33.0
47,2016-01-26-82,1.0
48,2016-01-26-82,102.0
49,2016-01-26-82,0.0
50,2016-01-26-82,0.0
51,2016-01-26-82,194.0
52,2016-01-26-82,0.0
53,2016-01-26-82,4.0
54,2016-01-26-82,0.0
55,2016-01-26-82,0.0
56,2016-01-26-82,0.0
57,2016-01-26-82,0.0
58,2016-01-26-82,1.0
59,2016-01-26-82,1.0
60,2016-01-26-82,0.0
61,2016-01-26-82,0.0
62,2016-01-26-82,0.0
63,2016-01-26-82,0.0
64,2016-01-26-82,0.0
65,2016-01-26-82,0.0
66,2016-01-26-82,0.0
1,2016-01-26-94,9.0
2,2016-01-26-94,1.0
3,2016-01-26-94,0.0
4,2016-01-26-94,5.0
5,2016-01-26-94,0.0
6,2016-01-26-94,1.0
7,2016-01-26-94,63.0
8,2016-01-26-94,123.0
9,2016-01-26-94,3.0
10,2016-01-26-94,0.0
11,2016-01-26-94,1.0
12,2016-01-26-94,4.0
13,2016-01-26-94,0.0
14,2016-01-26-94,24.0
15,2016-01-26-94,0.0
16,2016-01-26-94,1.0
17,2016-01-26-94,0.0
18,2016-01-26-94,1.0
19,2016-01-26-94,2.0
20,2016-01-26-94,3.0
21,2016-01-26-94,1.0
22,2016-01-26-94,18.0
23,2016-01-26-94,149.0
24,2016-01-26-94,7.0
25,2016-01-26-94,1.0
26,2016-01-26-94,4.0
27,2016-01-26-94,10.0
28,2016-01-26-94,5.0
29,2016-01-26-94,1.0
30,2016-01-26-94,0.0
31,2016-01-26-94,1.0
32,2016-01-26-94,0.0
33,2016-01-26-94,0.0
34,2016-01-26-94,1.0
35,2016-01-26-94,1.0
36,2016-01-26-94,0.0
37,2016-01-26-94,26.0
38,2016-01-26-94,1.0
39,2016-01-26-94,1.0
40,2016-01-26-94,1.0
41,2016-01-26-94,1.0
42,2016-01-26-94,3.0
43,2016-01-26-94,0.0
44,2016-01-26-94,0.0
45,2016-01-26-94,0.0
46,2016-01-26-94,4.0
47,2016-01-26-94,1.0
48,2016-01-26-94,123.0
49,2016-01-26-94,0.0
50,2016-01-26-94,0.0
51,2016-01-26-94,259.0
52,2016-01-26-94,0.0
53,2016-01-26-94,1.0
54,2016-01-26-94,0.0
55,2016-01-26-94,0.0
56,2016-01-26-94,0.0
57,2016-01-26-94,0.0
58,2016-01-26-94,0.0
59,2016-01-26-94,0.0
60,2016-01-26-94,0.0
61,2016-01-26-94,1.0
62,2016-01-26-94,0.0
63,2016-01-26-94,1.0
64,2016-01-26-94,0.0
65,2016-01-26-94,0.0
66,2016-01-26-94,0.0
1,2016-01-26-106,5.0
2,2016-01-26-106,1.0
3,2016-01-26-106,0.0
4,2016-01-26-106,3.0
5,2016-01-26-106,1.0
6,2016-01-26-106,1.0
7,2016-01-26-106,294.0
8,2016-01-26-106,121.0
9,2016-01-26-106,1.0
10,2016-01-26-106,1.0
11,2016-01-26-106,2.0
12,2016-01-26-106,21.0
13,2016-01-26-106,0.0
14,2016-01-26-106,34.0
15,2016-01-26-106,0.0
16,2016-01-26-106,1.0
17,2016-01-26-106,0.0
18,2016-01-26-106,1.0
19,2016-01-26-106,2.0
20,2016-01-26-106,5.0
21,2016-01-26-106,2.0
22,2016-01-26-106,23.0
23,2016-01-26-106,188.0
24,2016-01-26-106,3.0
25,2016-01-26-106,1.0
26,2016-01-26-106,5.0
27,2016-01-26-106,14.0
28,2016-01-26-106,32.0
29,2016-01-26-106,7.0
30,2016-01-26-106,1.0
31,2016-01-26-106,2.0
32,2016-01-26-106,0.0
33,2016-01-26-106,0.0
34,2016-01-26-106,1.0
35,2016-01-26-106,7.0
36,2016-01-26-106,2.0
37,2016-01-26-106,22.0
38,2016-01-26-106,1.0
39,2016-01-26-106,1.0
40,2016-01-26-106,1.0
41,2016-01-26-106,0.0
42,2016-01-26-106,5.0
43,2016-01-26-106,1.0
44,2016-01-26-106,0.0
45,2016-01-26-106,1.0
46,2016-01-26-106,6.0
47,2016-01-26-106,1.0
48,2016-01-26-106,313.0
49,2016-01-26-106,0.0
50,2016-01-26-106,0.0
51,2016-01-26-106,694.0
52,2016-01-26-106,0.0
53,2016-01-26-106,1.0
54,2016-01-26-106,0.0
55,2016-01-26-106,0.0
56,2016-01-26-106,1.0
57,2016-01-26-106,0.0
58,2016-01-26-106,0.0
59,2016-01-26-106,0.0
60,2016-01-26-106,1.0
61,2016-01-26-106,0.0
62,2016-01-26-106,0.0
63,2016-01-26-106,0.0
64,2016-01-26-106,0.0
65,2016-01-26-106,0.0
66,2016-01-26-106,0.0
1,2016-01-26-118,6.0
2,2016-01-26-118,1.0
3,2016-01-26-118,0.0
4,2016-01-26-118,2.0
5,2016-01-26-118,0.0
6,2016-01-26-118,0.0
7,2016-01-26-118,86.0
8,2016-01-26-118,21.0
9,2016-01-26-118,1.0
10,2016-01-26-118,0.0
11,2016-01-26-118,0.0
12,2016-01-26-118,3.0
13,2016-01-26-118,0.0
14,2016-01-26-118,5.0
15,2016-01-26-118,0.0
16,2016-01-26-118,0.0
17,2016-01-26-118,0.0
18,2016-01-26-118,0.0
19,2016-01-26-118,2.0
20,2016-01-26-118,5.0
21,2016-01-26-118,2.0
22,2016-01-26-118,18.0
23,2016-01-26-118,18.0
24,2016-01-26-118,3.0
25,2016-01-26-118,1.0
26,2016-01-26-118,12.0
27,2016-01-26-118,5.0
28,2016-01-26-118,5.0
29,2016-01-26-118,2.0
30,2016-01-26-118,0.0
31,2016-01-26-118,1.0
32,2016-01-26-118,0.0
33,2016-01-26-118,0.0
34,2016-01-26-118,1.0
35,2016-01-26-118,4.0
36,2016-01-26-118,0.0
37,2016-01-26-118,6.0
38,2016-01-26-118,1.0
39,2016-01-26-118,1.0
40,2016-01-26-118,1.0
41,2016-01-26-118,0.0
42,2016-01-26-118,2.0
43,2016-01-26-118,0.0
44,2016-01-26-118,0.0
45,2016-01-26-118,0.0
46,2016-01-26-118,4.0
47,2016-01-26-118,2.0
48,2016-01-26-118,8.0
49,2016-01-26-118,0.0
50,2016-01-26-118,0.0
51,2016-01-26-118,29.0
52,2016-01-26-118,0.0
53,2016-01-26-118,1.0
54,2016-01-26-118,0.0
55,2016-01-26-118,0.0
56,2016-01-26-118,1.0
57,2016-01-26-118,0.0
58,2016-01-26-118,0.0
59,2016-01-26-118,0.0
60,2016-01-26-118,0.0
61,2016-01-26-118,0.0
62,2016-01-26-118,0.0
63,2016-01-26-118,0.0
64,2016-01-26-118,0.0
65,2016-01-26-118,0.0
66,2016-01-26-118,0.0
1,2016-01-26-130,5.0
2,2016-01-26-130,0.0
3,2016-01-26-130,0.0
4,2016-01-26-130,10.0
5,2016-01-26-130,0.0
6,2016-01-26-130,0.0
7,2016-01-26-130,72.0
8,2016-01-26-130,150.0
9,2016-01-26-130,1.0
10,2016-01-26-130,1.0
11,2016-01-26-130,1.0
12,2016-01-26-130,5.0
13,2016-01-26-130,0.0
14,2016-01-26-130,4.0
15,2016-01-26-130,0.0
16,2016-01-26-130,0.0
17,2016-01-26-130,0.0
18,2016-01-26-130,1.0
19,2016-01-26-130,2.0
20,2016-01-26-130,5.0
21,2016-01-26-130,2.0
22,2016-01-26-130,14.0
23,2016-01-26-130,71.0
24,2016-01-26-130,3.0
25,2016-01-26-130,1.0
26,2016-01-26-130,32.0
27,2016-01-26-130,10.0
28,2016-01-26-130,23.0
29,2016-01-26-130,1.0
30,2016-01-26-130,0.0
31,2016-01-26-130,2.0
32,2016-01-26-130,0.0
33,2016-01-26-130,0.0
34,2016-01-26-130,1.0
35,2016-01-26-130,3.0
36,2016-01-26-130,0.0
37,2016-01-26-130,17.0
38,2016-01-26-130,1.0
39,2016-01-26-130,2.0
40,2016-01-26-130,1.0
41,2016-01-26-130,0.0
42,2016-01-26-130,2.0
43,2016-01-26-130,1.0
44,2016-01-26-130,0.0
45,2016-01-26-130,0.0
46,2016-01-26-130,4.0
47,2016-01-26-130,1.0
48,2016-01-26-130,70.0
49,2016-01-26-130,0.0
50,2016-01-26-130,0.0
51,2016-01-26-130,581.0
52,2016-01-26-130,0.0
53,2016-01-26-130,0.0
54,2016-01-26-130,0.0
55,2016-01-26-130,0.0
56,2016-01-26-130,0.0
57,2016-01-26-130,0.0
58,2016-01-26-130,0.0
59,2016-01-26-130,0.0
60,2016-01-26-130,0.0
61,2016-01-26-130,0.0
62,2016-01-26-130,0.0
63,2016-01-26-130,0.0
64,2016-01-26-130,0.0
65,2016-01-26-130,0.0
66,2016-01-26-130,0.0
1,2016-01-26-142,3.0
2,2016-01-26-142,0.0
3,2016-01-26-142,0.0
4,2016-01-26-142,1.0
5,2016-01-26-142,0.0
6,2016-01-26-142,0.0
7,2016-01-26-142,4.0
8,2016-01-26-142,5.0
9,2016-01-26-142,1.0
10,2016-01-26-142,0.0
11,2016-01-26-142,0.0
12,2016-01-26-142,4.0
13,2016-01-26-142,0.0
14,2016-01-26-142,2.0
15,2016-01-26-142,0.0
16,2016-01-26-142,0.0
17,2016-01-26-142,0.0
18,2016-01-26-142,1.0
19,2016-01-26-142,1.0
20,2016-01-26-142,1.0
21,2016-01-26-142,1.0
22,2016-01-26-142,9.0
23,2016-01-26-142,14.0
24,2016-01-26-142,2.0
25,2016-01-26-142,1.0
26,2016-01-26-142,1.0
27,2016-01-26-142,6.0
28,2016-01-26-142,5.0
29,2016-01-26-142,1.0
30,2016-01-26-142,0.0
31,2016-01-26-142,1.0
32,2016-01-26-142,0.0
33,2016-01-26-142,0.0
34,2016-01-26-142,0.0
35,2016-01-26-142,0.0
36,2016-01-26-142,0.0
37,2016-01-26-142,3.0
38,2016-01-26-142,1.0
39,2016-01-26-142,1.0
40,2016-01-26-142,1.0
41,2016-01-26-142,0.0
42,2016-01-26-142,2.0
43,2016-01-26-142,0.0
44,2016-01-26-142,0.0
45,2016-01-26-142,0.0
46,2016-01-26-142,2.0
47,2016-01-26-142,0.0
48,2016-01-26-142,12.0
49,2016-01-26-142,0.0
50,2016-01-26-142,0.0
51,2016-01-26-142,73.0
52,2016-01-26-142,0.0
53,2016-01-26-142,0.0
54,2016-01-26-142,0.0
55,2016-01-26-142,0.0
56,2016-01-26-142,0.0
57,2016-01-26-142,0.0
58,2016-01-26-142,0.0
59,2016-01-26-142,0.0
60,2016-01-26-142,1.0
61,2016-01-26-142,0.0
62,2016-01-26-142,0.0
63,2016-01-26-142,0.0
64,2016-01-26-142,0.0
65,2016-01-26-142,0.0
66,2016-01-26-142,0.0
1,2016-01-28-58,4.0
2,2016-01-28-58,0.0
3,2016-01-28-58,1.0
4,2016-01-28-58,79.0
5,2016-01-28-58,1.0
6,2016-01-28-58,27.0
7,2016-01-28-58,35.0
8,2016-01-28-58,210.0
9,2016-01-28-58,4.0
10,2016-01-28-58,1.0
11,2016-01-28-58,2.0
12,2016-01-28-58,4.0
13,2016-01-28-58,1.0
14,2016-01-28-58,28.0
15,2016-01-28-58,0.0
16,2016-01-28-58,5.0
17,2016-01-28-58,0.0
18,2016-01-28-58,2.0
19,2016-01-28-58,2.0
20,2016-01-28-58,5.0
21,2016-01-28-58,3.0
22,2016-01-28-58,12.0
23,2016-01-28-58,182.0
24,2016-01-28-58,81.0
25,2016-01-28-58,28.0
26,2016-01-28-58,23.0
27,2016-01-28-58,9.0
28,2016-01-28-58,11.0
29,2016-01-28-58,4.0
30,2016-01-28-58,1.0
31,2016-01-28-58,2.0
32,2016-01-28-58,0.0
33,2016-01-28-58,1.0
34,2016-01-28-58,1.0
35,2016-01-28-58,2.0
36,2016-01-28-58,1.0
37,2016-01-28-58,207.0
38,2016-01-28-58,4.0
39,2016-01-28-58,1.0
40,2016-01-28-58,1.0
41,2016-01-28-58,2.0
42,2016-01-28-58,5.0
43,2016-01-28-58,0.0
44,2016-01-28-58,0.0
45,2016-01-28-58,0.0
46,2016-01-28-58,100.0
47,2016-01-28-58,1.0
48,2016-01-28-58,8.0
49,2016-01-28-58,1.0
50,2016-01-28-58,0.0
51,2016-01-28-58,69.0
52,2016-01-28-58,0.0
53,2016-01-28-58,17.0
54,2016-01-28-58,0.0
55,2016-01-28-58,0.0
56,2016-01-28-58,0.0
57,2016-01-28-58,0.0
58,2016-01-28-58,1.0
59,2016-01-28-58,0.0
60,2016-01-28-58,0.0
61,2016-01-28-58,0.0
62,2016-01-28-58,0.0
63,2016-01-28-58,0.0
64,2016-01-28-58,0.0
65,2016-01-28-58,0.0
66,2016-01-28-58,0.0
1,2016-01-28-70,4.0
2,2016-01-28-70,0.0
3,2016-01-28-70,0.0
4,2016-01-28-70,3.0
5,2016-01-28-70,0.0
6,2016-01-28-70,2.0
7,2016-01-28-70,14.0
8,2016-01-28-70,82.0
9,2016-01-28-70,2.0
10,2016-01-28-70,1.0
11,2016-01-28-70,1.0
12,2016-01-28-70,4.0
13,2016-01-28-70,1.0
14,2016-01-28-70,9.0
15,2016-01-28-70,0.0
16,2016-01-28-70,2.0
17,2016-01-28-70,0.0
18,2016-01-28-70,1.0
19,2016-01-28-70,2.0
20,2016-01-28-70,3.0
21,2016-01-28-70,3.0
22,2016-01-28-70,13.0
23,2016-01-28-70,131.0
24,2016-01-28-70,9.0
25,2016-01-28-70,1.0
26,2016-01-28-70,4.0
27,2016-01-28-70,8.0
28,2016-01-28-70,7.0
29,2016-01-28-70,5.0
30,2016-01-28-70,0.0
31,2016-01-28-70,2.0
32,2016-01-28-70,0.0
33,2016-01-28-70,1.0
34,2016-01-28-70,1.0
35,2016-01-28-70,2.0
36,2016-01-28-70,1.0
37,2016-01-28-70,11.0
38,2016-01-28-70,2.0
39,2016-01-28-70,1.0
40,2016-01-28-70,1.0
41,2016-01-28-70,1.0
42,2016-01-28-70,4.0
43,2016-01-28-70,0.0
44,2016-01-28-70,0.0
45,2016-01-28-70,0.0
46,2016-01-28-70,10.0
47,2016-01-28-70,7.0
48,2016-01-28-70,11.0
49,2016-01-28-70,0.0
50,2016-01-28-70,0.0
51,2016-01-28-70,174.0
52,2016-01-28-70,0.0
53,2016-01-28-70,0.0
54,2016-01-28-70,0.0
55,2016-01-28-70,0.0
56,2016-01-28-70,0.0
57,2016-01-28-70,0.0
58,2016-01-28-70,1.0
59,2016-01-28-70,0.0
60,2016-01-28-70,0.0
61,2016-01-28-70,0.0
62,2016-01-28-70,0.0
63,2016-01-28-70,0.0
64,2016-01-28-70,0.0
65,2016-01-28-70,0.0
66,2016-01-28-70,0.0
1,2016-01-28-82,4.0
2,2016-01-28-82,0.0
3,2016-01-28-82,0.0
4,2016-01-28-82,5.0
5,2016-01-28-82,0.0
6,2016-01-28-82,6.0
7,2016-01-28-82,34.0
8,2016-01-28-82,73.0
9,2016-01-28-82,2.0
10,2016-01-28-82,0.0
11,2016-01-28-82,1.0
12,2016-01-28-82,5.0
13,2016-01-28-82,1.0
14,2016-01-28-82,6.0
15,2016-01-28-82,0.0
16,2016-01-28-82,4.0
17,2016-01-28-82,0.0
18,2016-01-28-82,1.0
19,2016-01-28-82,2.0
20,2016-01-28-82,3.0
21,2016-01-28-82,1.0
22,2016-01-28-82,10.0
23,2016-01-28-82,44.0
24,2016-01-28-82,46.0
25,2016-01-28-82,1.0
26,2016-01-28-82,5.0
27,2016-01-28-82,9.0
28,2016-01-28-82,7.0
29,2016-01-28-82,4.0
30,2016-01-28-82,1.0
31,2016-01-28-82,2.0
32,2016-01-28-82,0.0
33,2016-01-28-82,0.0
34,2016-01-28-82,1.0
35,2016-01-28-82,2.0
36,2016-01-28-82,0.0
37,2016-01-28-82,36.0
38,2016-01-28-82,1.0
39,2016-01-28-82,1.0
40,2016-01-28-82,1.0
41,2016-01-28-82,1.0
42,2016-01-28-82,4.0
43,2016-01-28-82,0.0
44,2016-01-28-82,0.0
45,2016-01-28-82,0.0
46,2016-01-28-82,9.0
47,2016-01-28-82,4.0
48,2016-01-28-82,23.0
49,2016-01-28-82,0.0
50,2016-01-28-82,0.0
51,2016-01-28-82,58.0
52,2016-01-28-82,0.0
53,2016-01-28-82,4.0
54,2016-01-28-82,0.0
55,2016-01-28-82,0.0
56,2016-01-28-82,0.0
57,2016-01-28-82,0.0
58,2016-01-28-82,1.0
59,2016-01-28-82,0.0
60,2016-01-28-82,0.0
61,2016-01-28-82,0.0
62,2016-01-28-82,0.0
63,2016-01-28-82,0.0
64,2016-01-28-82,0.0
65,2016-01-28-82,0.0
66,2016-01-28-82,0.0
1,2016-01-28-94,4.0
2,2016-01-28-94,1.0
3,2016-01-28-94,0.0
4,2016-01-28-94,7.0
5,2016-01-28-94,0.0
6,2016-01-28-94,1.0
7,2016-01-28-94,74.0
8,2016-01-28-94,120.0
9,2016-01-28-94,2.0
10,2016-01-28-94,0.0
11,2016-01-28-94,1.0
12,2016-01-28-94,3.0
13,2016-01-28-94,1.0
14,2016-01-28-94,21.0
15,2016-01-28-94,0.0
16,2016-01-28-94,1.0
17,2016-01-28-94,0.0
18,2016-01-28-94,1.0
19,2016-01-28-94,1.0
20,2016-01-28-94,2.0
21,2016-01-28-94,2.0
22,2016-01-28-94,16.0
23,2016-01-28-94,163.0
24,2016-01-28-94,13.0
25,2016-01-28-94,1.0
26,2016-01-28-94,3.0
27,2016-01-28-94,10.0
28,2016-01-28-94,7.0
29,2016-01-28-94,2.0
30,2016-01-28-94,0.0
31,2016-01-28-94,1.0
32,2016-01-28-94,0.0
33,2016-01-28-94,0.0
34,2016-01-28-94,1.0
35,2016-01-28-94,1.0
36,2016-01-28-94,0.0
37,2016-01-28-94,41.0
38,2016-01-28-94,2.0
39,2016-01-28-94,1.0
40,2016-01-28-94,1.0
41,2016-01-28-94,0.0
42,2016-01-28-94,3.0
43,2016-01-28-94,0.0
44,2016-01-28-94,0.0
45,2016-01-28-94,0.0
46,2016-01-28-94,6.0
47,2016-01-28-94,1.0
48,2016-01-28-94,117.0
49,2016-01-28-94,0.0
50,2016-01-28-94,0.0
51,2016-01-28-94,406.0
52,2016-01-28-94,0.0
53,2016-01-28-94,2.0
54,2016-01-28-94,0.0
55,2016-01-28-94,0.0
56,2016-01-28-94,0.0
57,2016-01-28-94,0.0
58,2016-01-28-94,0.0
59,2016-01-28-94,0.0
60,2016-01-28-94,0.0
61,2016-01-28-94,0.0
62,2016-01-28-94,0.0
63,2016-01-28-94,0.0
64,2016-01-28-94,0.0
65,2016-01-28-94,0.0
66,2016-01-28-94,0.0
1,2016-01-28-106,6.0
2,2016-01-28-106,1.0
3,2016-01-28-106,0.0
4,2016-01-28-106,3.0
5,2016-01-28-106,1.0
6,2016-01-28-106,1.0
7,2016-01-28-106,155.0
8,2016-01-28-106,108.0
9,2016-01-28-106,2.0
10,2016-01-28-106,0.0
11,2016-01-28-106,3.0
12,2016-01-28-106,8.0
13,2016-01-28-106,1.0
14,2016-01-28-106,38.0
15,2016-01-28-106,0.0
16,2016-01-28-106,1.0
17,2016-01-28-106,0.0
18,2016-01-28-106,1.0
19,2016-01-28-106,2.0
20,2016-01-28-106,5.0
21,2016-01-28-106,2.0
22,2016-01-28-106,29.0
23,2016-01-28-106,176.0
24,2016-01-28-106,9.0
25,2016-01-28-106,1.0
26,2016-01-28-106,3.0
27,2016-01-28-106,16.0
28,2016-01-28-106,14.0
29,2016-01-28-106,1.0
30,2016-01-28-106,0.0
31,2016-01-28-106,2.0
32,2016-01-28-106,0.0
33,2016-01-28-106,0.0
34,2016-01-28-106,1.0
35,2016-01-28-106,3.0
36,2016-01-28-106,3.0
37,2016-01-28-106,38.0
38,2016-01-28-106,1.0
39,2016-01-28-106,1.0
40,2016-01-28-106,1.0
41,2016-01-28-106,1.0
42,2016-01-28-106,4.0
43,2016-01-28-106,0.0
44,2016-01-28-106,0.0
45,2016-01-28-106,1.0
46,2016-01-28-106,15.0
47,2016-01-28-106,1.0
48,2016-01-28-106,246.0
49,2016-01-28-106,1.0
50,2016-01-28-106,0.0
51,2016-01-28-106,633.0
52,2016-01-28-106,0.0
53,2016-01-28-106,1.0
54,2016-01-28-106,0.0
55,2016-01-28-106,0.0
56,2016-01-28-106,1.0
57,2016-01-28-106,0.0
58,2016-01-28-106,0.0
59,2016-01-28-106,0.0
60,2016-01-28-106,0.0
61,2016-01-28-106,0.0
62,2016-01-28-106,0.0
63,2016-01-28-106,0.0
64,2016-01-28-106,0.0
65,2016-01-28-106,0.0
66,2016-01-28-106,1.0
1,2016-01-28-118,6.0
2,2016-01-28-118,1.0
3,2016-01-28-118,0.0
4,2016-01-28-118,2.0
5,2016-01-28-118,0.0
6,2016-01-28-118,0.0
7,2016-01-28-118,99.0
8,2016-01-28-118,116.0
9,2016-01-28-118,1.0
10,2016-01-28-118,0.0
11,2016-01-28-118,1.0
12,2016-01-28-118,3.0
13,2016-01-28-118,0.0
14,2016-01-28-118,7.0
15,2016-01-28-118,0.0
16,2016-01-28-118,0.0
17,2016-01-28-118,0.0
18,2016-01-28-118,1.0
19,2016-01-28-118,2.0
20,2016-01-28-118,5.0
21,2016-01-28-118,2.0
22,2016-01-28-118,14.0
23,2016-01-28-118,37.0
24,2016-01-28-118,3.0
25,2016-01-28-118,1.0
26,2016-01-28-118,16.0
27,2016-01-28-118,9.0
28,2016-01-28-118,7.0
29,2016-01-28-118,2.0
30,2016-01-28-118,0.0
31,2016-01-28-118,1.0
32,2016-01-28-118,0.0
33,2016-01-28-118,0.0
34,2016-01-28-118,1.0
35,2016-01-28-118,6.0
36,2016-01-28-118,0.0
37,2016-01-28-118,8.0
38,2016-01-28-118,0.0
39,2016-01-28-118,1.0
40,2016-01-28-118,1.0
41,2016-01-28-118,0.0
42,2016-01-28-118,3.0
43,2016-01-28-118,0.0
44,2016-01-28-118,0.0
45,2016-01-28-118,0.0
46,2016-01-28-118,3.0
47,2016-01-28-118,0.0
48,2016-01-28-118,32.0
49,2016-01-28-118,0.0
50,2016-01-28-118,0.0
51,2016-01-28-118,173.0
52,2016-01-28-118,1.0
53,2016-01-28-118,1.0
54,2016-01-28-118,0.0
55,2016-01-28-118,0.0
56,2016-01-28-118,0.0
57,2016-01-28-118,0.0
58,2016-01-28-118,0.0
59,2016-01-28-118,0.0
60,2016-01-28-118,0.0
61,2016-01-28-118,0.0
62,2016-01-28-118,0.0
63,2016-01-28-118,0.0
64,2016-01-28-118,0.0
65,2016-01-28-118,0.0
66,2016-01-28-118,0.0
1,2016-01-28-130,7.0
2,2016-01-28-130,0.0
3,2016-01-28-130,0.0
4,2016-01-28-130,33.0
5,2016-01-28-130,0.0
6,2016-01-28-130,0.0
7,2016-01-28-130,86.0
8,2016-01-28-130,184.0
9,2016-01-28-130,1.0
10,2016-01-28-130,1.0
11,2016-01-28-130,1.0
12,2016-01-28-130,4.0
13,2016-01-28-130,0.0
14,2016-01-28-130,19.0
15,2016-01-28-130,0.0
16,2016-01-28-130,1.0
17,2016-01-28-130,0.0
18,2016-01-28-130,1.0
19,2016-01-28-130,4.0
20,2016-01-28-130,11.0
21,2016-01-28-130,2.0
22,2016-01-28-130,15.0
23,2016-01-28-130,101.0
24,2016-01-28-130,4.0
25,2016-01-28-130,1.0
26,2016-01-28-130,4.0
27,2016-01-28-130,7.0
28,2016-01-28-130,155.0
29,2016-01-28-130,1.0
30,2016-01-28-130,1.0
31,2016-01-28-130,1.0
32,2016-01-28-130,0.0
33,2016-01-28-130,0.0
34,2016-01-28-130,0.0
35,2016-01-28-130,3.0
36,2016-01-28-130,0.0
37,2016-01-28-130,24.0
38,2016-01-28-130,1.0
39,2016-01-28-130,1.0
40,2016-01-28-130,1.0
41,2016-01-28-130,0.0
42,2016-01-28-130,2.0
43,2016-01-28-130,0.0
44,2016-01-28-130,0.0
45,2016-01-28-130,0.0
46,2016-01-28-130,4.0
47,2016-01-28-130,0.0
48,2016-01-28-130,89.0
49,2016-01-28-130,0.0
50,2016-01-28-130,0.0
51,2016-01-28-130,464.0
52,2016-01-28-130,0.0
53,2016-01-28-130,0.0
54,2016-01-28-130,0.0
55,2016-01-28-130,0.0
56,2016-01-28-130,0.0
57,2016-01-28-130,0.0
58,2016-01-28-130,1.0
59,2016-01-28-130,0.0
60,2016-01-28-130,0.0
61,2016-01-28-130,0.0
62,2016-01-28-130,0.0
63,2016-01-28-130,0.0
64,2016-01-28-130,0.0
65,2016-01-28-130,0.0
66,2016-01-28-130,0.0
1,2016-01-28-142,3.0
2,2016-01-28-142,0.0
3,2016-01-28-142,0.0
4,2016-01-28-142,2.0
5,2016-01-28-142,0.0
6,2016-01-28-142,0.0
7,2016-01-28-142,9.0
8,2016-01-28-142,9.0
9,2016-01-28-142,1.0
10,2016-01-28-142,0.0
11,2016-01-28-142,0.0
12,2016-01-28-142,3.0
13,2016-01-28-142,0.0
14,2016-01-28-142,2.0
15,2016-01-28-142,0.0
16,2016-01-28-142,1.0
17,2016-01-28-142,0.0
18,2016-01-28-142,0.0
19,2016-01-28-142,1.0
20,2016-01-28-142,2.0
21,2016-01-28-142,0.0
22,2016-01-28-142,7.0
23,2016-01-28-142,10.0
24,2016-01-28-142,2.0
25,2016-01-28-142,1.0
26,2016-01-28-142,1.0
27,2016-01-28-142,5.0
28,2016-01-28-142,4.0
29,2016-01-28-142,1.0
30,2016-01-28-142,0.0
31,2016-01-28-142,1.0
32,2016-01-28-142,0.0
33,2016-01-28-142,0.0
34,2016-01-28-142,0.0
35,2016-01-28-142,0.0
36,2016-01-28-142,0.0
37,2016-01-28-142,3.0
38,2016-01-28-142,1.0
39,2016-01-28-142,1.0
40,2016-01-28-142,1.0
41,2016-01-28-142,0.0
42,2016-01-28-142,2.0
43,2016-01-28-142,0.0
44,2016-01-28-142,0.0
45,2016-01-28-142,0.0
46,2016-01-28-142,2.0
47,2016-01-28-142,0.0
48,2016-01-28-142,10.0
49,2016-01-28-142,0.0
50,2016-01-28-142,0.0
51,2016-01-28-142,131.0
52,2016-01-28-142,0.0
53,2016-01-28-142,0.0
54,2016-01-28-142,0.0
55,2016-01-28-142,0.0
56,2016-01-28-142,0.0
57,2016-01-28-142,0.0
58,2016-01-28-142,0.0
59,2016-01-28-142,0.0
60,2016-01-28-142,0.0
61,2016-01-28-142,0.0
62,2016-01-28-142,0.0
63,2016-01-28-142,0.0
64,2016-01-28-142,0.0
65,2016-01-28-142,0.0
66,2016-01-28-142,0.0
1,2016-01-30-46,3.0
2,2016-01-30-46,0.0
3,2016-01-30-46,0.0
4,2016-01-30-46,2.0
5,2016-01-30-46,0.0
6,2016-01-30-46,1.0
7,2016-01-30-46,13.0
8,2016-01-30-46,24.0
9,2016-01-30-46,1.0
10,2016-01-30-46,0.0
11,2016-01-30-46,1.0
12,2016-01-30-46,3.0
13,2016-01-30-46,0.0
14,2016-01-30-46,17.0
15,2016-01-30-46,0.0
16,2016-01-30-46,1.0
17,2016-01-30-46,0.0
18,2016-01-30-46,1.0
19,2016-01-30-46,1.0
20,2016-01-30-46,2.0
21,2016-01-30-46,2.0
22,2016-01-30-46,5.0
23,2016-01-30-46,34.0
24,2016-01-30-46,13.0
25,2016-01-30-46,1.0
26,2016-01-30-46,6.0
27,2016-01-30-46,10.0
28,2016-01-30-46,6.0
29,2016-01-30-46,3.0
30,2016-01-30-46,0.0
31,2016-01-30-46,1.0
32,2016-01-30-46,0.0
33,2016-01-30-46,0.0
34,2016-01-30-46,0.0
35,2016-01-30-46,1.0
36,2016-01-30-46,0.0
37,2016-01-30-46,28.0
38,2016-01-30-46,1.0
39,2016-01-30-46,0.0
40,2016-01-30-46,0.0
41,2016-01-30-46,1.0
42,2016-01-30-46,3.0
43,2016-01-30-46,0.0
44,2016-01-30-46,0.0
45,2016-01-30-46,0.0
46,2016-01-30-46,21.0
47,2016-01-30-46,1.0
48,2016-01-30-46,8.0
49,2016-01-30-46,0.0
50,2016-01-30-46,0.0
51,2016-01-30-46,22.0
52,2016-01-30-46,0.0
53,2016-01-30-46,1.0
54,2016-01-30-46,0.0
55,2016-01-30-46,0.0
56,2016-01-30-46,0.0
57,2016-01-30-46,0.0
58,2016-01-30-46,1.0
59,2016-01-30-46,1.0
60,2016-01-30-46,1.0
61,2016-01-30-46,0.0
62,2016-01-30-46,0.0
63,2016-01-30-46,0.0
64,2016-01-30-46,0.0
65,2016-01-30-46,0.0
66,2016-01-30-46,0.0
1,2016-01-30-58,8.0
2,2016-01-30-58,0.0
3,2016-01-30-58,0.0
4,2016-01-30-58,6.0
5,2016-01-30-58,1.0
6,2016-01-30-58,2.0
7,2016-01-30-58,8.0
8,2016-01-30-58,55.0
9,2016-01-30-58,1.0
10,2016-01-30-58,1.0
11,2016-01-30-58,1.0
12,2016-01-30-58,2.0
13,2016-01-30-58,1.0
14,2016-01-30-58,11.0
15,2016-01-30-58,0.0
16,2016-01-30-58,1.0
17,2016-01-30-58,1.0
18,2016-01-30-58,1.0
19,2016-01-30-58,2.0
20,2016-01-30-58,5.0
21,2016-01-30-58,2.0
22,2016-01-30-58,11.0
23,2016-01-30-58,65.0
24,2016-01-30-58,18.0
25,2016-01-30-58,1.0
26,2016-01-30-58,11.0
27,2016-01-30-58,9.0
28,2016-01-30-58,6.0
29,2016-01-30-58,3.0
30,2016-01-30-58,0.0
31,2016-01-30-58,2.0
32,2016-01-30-58,0.0
33,2016-01-30-58,0.0
34,2016-01-30-58,1.0
35,2016-01-30-58,2.0
36,2016-01-30-58,1.0
37,2016-01-30-58,21.0
38,2016-01-30-58,6.0
39,2016-01-30-58,1.0
40,2016-01-30-58,1.0
41,2016-01-30-58,1.0
42,2016-01-30-58,3.0
43,2016-01-30-58,0.0
44,2016-01-30-58,0.0
45,2016-01-30-58,0.0
46,2016-01-30-58,99.0
47,2016-01-30-58,7.0
48,2016-01-30-58,5.0
49,2016-01-30-58,0.0
50,2016-01-30-58,0.0
51,2016-01-30-58,9.0
52,2016-01-30-58,0.0
53,2016-01-30-58,1.0
54,2016-01-30-58,0.0
55,2016-01-30-58,0.0
56,2016-01-30-58,0.0
57,2016-01-30-58,0.0
58,2016-01-30-58,0.0
59,2016-01-30-58,0.0
60,2016-01-30-58,0.0
61,2016-01-30-58,0.0
62,2016-01-30-58,0.0
63,2016-01-30-58,0.0
64,2016-01-30-58,0.0
65,2016-01-30-58,0.0
66,2016-01-30-58,0.0
1,2016-01-30-70,3.0
2,2016-01-30-70,0.0
3,2016-01-30-70,0.0
4,2016-01-30-70,5.0
5,2016-01-30-70,0.0
6,2016-01-30-70,2.0
7,2016-01-30-70,31.0
8,2016-01-30-70,157.0
9,2016-01-30-70,1.0
10,2016-01-30-70,2.0
11,2016-01-30-70,1.0
12,2016-01-30-70,4.0
13,2016-01-30-70,1.0
14,2016-01-30-70,15.0
15,2016-01-30-70,0.0
16,2016-01-30-70,1.0
17,2016-01-30-70,0.0
18,2016-01-30-70,1.0
19,2016-01-30-70,1.0
20,2016-01-30-70,10.0
21,2016-01-30-70,2.0
22,2016-01-30-70,13.0
23,2016-01-30-70,152.0
24,2016-01-30-70,63.0
25,2016-01-30-70,1.0
26,2016-01-30-70,13.0
27,2016-01-30-70,11.0
28,2016-01-30-70,7.0
29,2016-01-30-70,11.0
30,2016-01-30-70,0.0
31,2016-01-30-70,3.0
32,2016-01-30-70,0.0
33,2016-01-30-70,0.0
34,2016-01-30-70,1.0
35,2016-01-30-70,1.0
36,2016-01-30-70,0.0
37,2016-01-30-70,124.0
38,2016-01-30-70,2.0
39,2016-01-30-70,1.0
40,2016-01-30-70,1.0
41,2016-01-30-70,1.0
42,2016-01-30-70,4.0
43,2016-01-30-70,1.0
44,2016-01-30-70,0.0
45,2016-01-30-70,1.0
46,2016-01-30-70,99.0
47,2016-01-30-70,4.0
48,2016-01-30-70,11.0
49,2016-01-30-70,0.0
50,2016-01-30-70,0.0
51,2016-01-30-70,23.0
52,2016-01-30-70,0.0
53,2016-01-30-70,1.0
54,2016-01-30-70,0.0
55,2016-01-30-70,0.0
56,2016-01-30-70,0.0
57,2016-01-30-70,0.0
58,2016-01-30-70,0.0
59,2016-01-30-70,0.0
60,2016-01-30-70,0.0
61,2016-01-30-70,0.0
62,2016-01-30-70,0.0
63,2016-01-30-70,0.0
64,2016-01-30-70,0.0
65,2016-01-30-70,0.0
66,2016-01-30-70,0.0
1,2016-01-30-82,4.0
2,2016-01-30-82,0.0
3,2016-01-30-82,0.0
4,2016-01-30-82,6.0
5,2016-01-30-82,0.0
6,2016-01-30-82,3.0
7,2016-01-30-82,72.0
8,2016-01-30-82,225.0
9,2016-01-30-82,1.0
10,2016-01-30-82,1.0
11,2016-01-30-82,1.0
12,2016-01-30-82,3.0
13,2016-01-30-82,0.0
14,2016-01-30-82,52.0
15,2016-01-30-82,0.0
16,2016-01-30-82,1.0
17,2016-01-30-82,0.0
18,2016-01-30-82,1.0
19,2016-01-30-82,2.0
20,2016-01-30-82,23.0
21,2016-01-30-82,2.0
22,2016-01-30-82,15.0
23,2016-01-30-82,209.0
24,2016-01-30-82,52.0
25,2016-01-30-82,1.0
26,2016-01-30-82,31.0
27,2016-01-30-82,9.0
28,2016-01-30-82,19.0
29,2016-01-30-82,7.0
30,2016-01-30-82,0.0
31,2016-01-30-82,2.0
32,2016-01-30-82,0.0
33,2016-01-30-82,0.0
34,2016-01-30-82,1.0
35,2016-01-30-82,1.0
36,2016-01-30-82,1.0
37,2016-01-30-82,162.0
38,2016-01-30-82,2.0
39,2016-01-30-82,0.0
40,2016-01-30-82,1.0
41,2016-01-30-82,1.0
42,2016-01-30-82,7.0
43,2016-01-30-82,0.0
44,2016-01-30-82,0.0
45,2016-01-30-82,0.0
46,2016-01-30-82,86.0
47,2016-01-30-82,2.0
48,2016-01-30-82,61.0
49,2016-01-30-82,0.0
50,2016-01-30-82,0.0
51,2016-01-30-82,85.0
52,2016-01-30-82,0.0
53,2016-01-30-82,1.0
54,2016-01-30-82,0.0
55,2016-01-30-82,0.0
56,2016-01-30-82,1.0
57,2016-01-30-82,0.0
58,2016-01-30-82,1.0
59,2016-01-30-82,0.0
60,2016-01-30-82,0.0
61,2016-01-30-82,0.0
62,2016-01-30-82,0.0
63,2016-01-30-82,0.0
64,2016-01-30-82,0.0
65,2016-01-30-82,0.0
66,2016-01-30-82,0.0
1,2016-01-30-94,4.0
2,2016-01-30-94,1.0
3,2016-01-30-94,0.0
4,2016-01-30-94,9.0
5,2016-01-30-94,0.0
6,2016-01-30-94,3.0
7,2016-01-30-94,66.0
8,2016-01-30-94,142.0
9,2016-01-30-94,1.0
10,2016-01-30-94,1.0
11,2016-01-30-94,1.0
12,2016-01-30-94,4.0
13,2016-01-30-94,0.0
14,2016-01-30-94,15.0
15,2016-01-30-94,0.0
16,2016-01-30-94,1.0
17,2016-01-30-94,0.0
18,2016-01-30-94,1.0
19,2016-01-30-94,1.0
20,2016-01-30-94,4.0
21,2016-01-30-94,2.0
22,2016-01-30-94,17.0
23,2016-01-30-94,154.0
24,2016-01-30-94,12.0
25,2016-01-30-94,1.0
26,2016-01-30-94,8.0
27,2016-01-30-94,10.0
28,2016-01-30-94,9.0
29,2016-01-30-94,1.0
30,2016-01-30-94,0.0
31,2016-01-30-94,1.0
32,2016-01-30-94,0.0
33,2016-01-30-94,0.0
34,2016-01-30-94,1.0
35,2016-01-30-94,1.0
36,2016-01-30-94,1.0
37,2016-01-30-94,26.0
38,2016-01-30-94,1.0
39,2016-01-30-94,1.0
40,2016-01-30-94,1.0
41,2016-01-30-94,0.0
42,2016-01-30-94,4.0
43,2016-01-30-94,0.0
44,2016-01-30-94,0.0
45,2016-01-30-94,0.0
46,2016-01-30-94,11.0
47,2016-01-30-94,1.0
48,2016-01-30-94,110.0
49,2016-01-30-94,1.0
50,2016-01-30-94,0.0
51,2016-01-30-94,274.0
52,2016-01-30-94,0.0
53,2016-01-30-94,1.0
54,2016-01-30-94,0.0
55,2016-01-30-94,0.0
56,2016-01-30-94,0.0
57,2016-01-30-94,0.0
58,2016-01-30-94,0.0
59,2016-01-30-94,0.0
60,2016-01-30-94,0.0
61,2016-01-30-94,0.0
62,2016-01-30-94,1.0
63,2016-01-30-94,0.0
64,2016-01-30-94,0.0
65,2016-01-30-94,0.0
66,2016-01-30-94,0.0
1,2016-01-30-106,5.0
2,2016-01-30-106,1.0
3,2016-01-30-106,0.0
4,2016-01-30-106,11.0
5,2016-01-30-106,0.0
6,2016-01-30-106,2.0
7,2016-01-30-106,73.0
8,2016-01-30-106,125.0
9,2016-01-30-106,2.0
10,2016-01-30-106,1.0
11,2016-01-30-106,2.0
12,2016-01-30-106,6.0
13,2016-01-30-106,1.0
14,2016-01-30-106,25.0
15,2016-01-30-106,0.0
16,2016-01-30-106,3.0
17,2016-01-30-106,0.0
18,2016-01-30-106,1.0
19,2016-01-30-106,2.0
20,2016-01-30-106,5.0
21,2016-01-30-106,2.0
22,2016-01-30-106,18.0
23,2016-01-30-106,86.0
24,2016-01-30-106,8.0
25,2016-01-30-106,1.0
26,2016-01-30-106,7.0
27,2016-01-30-106,16.0
28,2016-01-30-106,19.0
29,2016-01-30-106,1.0
30,2016-01-30-106,0.0
31,2016-01-30-106,2.0
32,2016-01-30-106,0.0
33,2016-01-30-106,0.0
34,2016-01-30-106,1.0
35,2016-01-30-106,3.0
36,2016-01-30-106,1.0
37,2016-01-30-106,19.0
38,2016-01-30-106,1.0
39,2016-01-30-106,1.0
40,2016-01-30-106,1.0
41,2016-01-30-106,0.0
42,2016-01-30-106,2.0
43,2016-01-30-106,1.0
44,2016-01-30-106,0.0
45,2016-01-30-106,1.0
46,2016-01-30-106,5.0
47,2016-01-30-106,0.0
48,2016-01-30-106,306.0
49,2016-01-30-106,0.0
50,2016-01-30-106,0.0
51,2016-01-30-106,235.0
52,2016-01-30-106,0.0
53,2016-01-30-106,0.0
54,2016-01-30-106,0.0
55,2016-01-30-106,0.0
56,2016-01-30-106,1.0
57,2016-01-30-106,0.0
58,2016-01-30-106,0.0
59,2016-01-30-106,0.0
60,2016-01-30-106,0.0
61,2016-01-30-106,0.0
62,2016-01-30-106,0.0
63,2016-01-30-106,0.0
64,2016-01-30-106,0.0
65,2016-01-30-106,0.0
66,2016-01-30-106,0.0
1,2016-01-30-118,5.0
2,2016-01-30-118,0.0
3,2016-01-30-118,0.0
4,2016-01-30-118,2.0
5,2016-01-30-118,0.0
6,2016-01-30-118,1.0
7,2016-01-30-118,11.0
8,2016-01-30-118,12.0
9,2016-01-30-118,1.0
10,2016-01-30-118,0.0
11,2016-01-30-118,1.0
12,2016-01-30-118,3.0
13,2016-01-30-118,0.0
14,2016-01-30-118,3.0
15,2016-01-30-118,0.0
16,2016-01-30-118,0.0
17,2016-01-30-118,0.0
18,2016-01-30-118,1.0
19,2016-01-30-118,2.0
20,2016-01-30-118,5.0
21,2016-01-30-118,2.0
22,2016-01-30-118,15.0
23,2016-01-30-118,9.0
24,2016-01-30-118,2.0
25,2016-01-30-118,1.0
26,2016-01-30-118,2.0
27,2016-01-30-118,10.0
28,2016-01-30-118,5.0
29,2016-01-30-118,1.0
30,2016-01-30-118,0.0
31,2016-01-30-118,1.0
32,2016-01-30-118,0.0
33,2016-01-30-118,0.0
34,2016-01-30-118,1.0
35,2016-01-30-118,1.0
36,2016-01-30-118,1.0
37,2016-01-30-118,6.0
38,2016-01-30-118,1.0
39,2016-01-30-118,1.0
40,2016-01-30-118,1.0
41,2016-01-30-118,0.0
42,2016-01-30-118,2.0
43,2016-01-30-118,1.0
44,2016-01-30-118,0.0
45,2016-01-30-118,0.0
46,2016-01-30-118,4.0
47,2016-01-30-118,2.0
48,2016-01-30-118,6.0
49,2016-01-30-118,0.0
50,2016-01-30-118,0.0
51,2016-01-30-118,24.0
52,2016-01-30-118,0.0
53,2016-01-30-118,0.0
54,2016-01-30-118,0.0
55,2016-01-30-118,0.0
56,2016-01-30-118,0.0
57,2016-01-30-118,0.0
58,2016-01-30-118,0.0
59,2016-01-30-118,0.0
60,2016-01-30-118,0.0
61,2016-01-30-118,0.0
62,2016-01-30-118,0.0
63,2016-01-30-118,0.0
64,2016-01-30-118,0.0
65,2016-01-30-118,0.0
66,2016-01-30-118,0.0
1,2016-01-30-130,7.0
2,2016-01-30-130,0.0
3,2016-01-30-130,0.0
4,2016-01-30-130,6.0
5,2016-01-30-130,0.0
6,2016-01-30-130,0.0
7,2016-01-30-130,41.0
8,2016-01-30-130,92.0
9,2016-01-30-130,2.0
10,2016-01-30-130,1.0
11,2016-01-30-130,1.0
12,2016-01-30-130,8.0
13,2016-01-30-130,1.0
14,2016-01-30-130,6.0
15,2016-01-30-130,0.0
16,2016-01-30-130,0.0
17,2016-01-30-130,0.0
18,2016-01-30-130,1.0
19,2016-01-30-130,1.0
20,2016-01-30-130,3.0
21,2016-01-30-130,2.0
22,2016-01-30-130,14.0
23,2016-01-30-130,50.0
24,2016-01-30-130,3.0
25,2016-01-30-130,2.0
26,2016-01-30-130,2.0
27,2016-01-30-130,9.0
28,2016-01-30-130,26.0
29,2016-01-30-130,1.0
30,2016-01-30-130,0.0
31,2016-01-30-130,1.0
32,2016-01-30-130,0.0
33,2016-01-30-130,1.0
34,2016-01-30-130,1.0
35,2016-01-30-130,0.0
36,2016-01-30-130,1.0
37,2016-01-30-130,6.0
38,2016-01-30-130,4.0
39,2016-01-30-130,2.0
40,2016-01-30-130,1.0
41,2016-01-30-130,1.0
42,2016-01-30-130,3.0
43,2016-01-30-130,0.0
44,2016-01-30-130,0.0
45,2016-01-30-130,0.0
46,2016-01-30-130,6.0
47,2016-01-30-130,0.0
48,2016-01-30-130,87.0
49,2016-01-30-130,0.0
50,2016-01-30-130,0.0
51,2016-01-30-130,878.0
52,2016-01-30-130,0.0
53,2016-01-30-130,0.0
54,2016-01-30-130,0.0
55,2016-01-30-130,0.0
56,2016-01-30-130,1.0
57,2016-01-30-130,0.0
58,2016-01-30-130,0.0
59,2016-01-30-130,0.0
60,2016-01-30-130,0.0
61,2016-01-30-130,0.0
62,2016-01-30-130,1.0
63,2016-01-30-130,0.0
64,2016-01-30-130,0.0
65,2016-01-30-130,0.0
66,2016-01-30-130,0.0
1,2016-01-30-142,3.0
2,2016-01-30-142,0.0
3,2016-01-30-142,0.0
4,2016-01-30-142,1.0
5,2016-01-30-142,0.0
6,2016-01-30-142,1.0
7,2016-01-30-142,4.0
8,2016-01-30-142,16.0
9,2016-01-30-142,1.0
10,2016-01-30-142,0.0
11,2016-01-30-142,0.0
12,2016-01-30-142,4.0
13,2016-01-30-142,0.0
14,2016-01-30-142,2.0
15,2016-01-30-142,0.0
16,2016-01-30-142,0.0
17,2016-01-30-142,0.0
18,2016-01-30-142,0.0
19,2016-01-30-142,1.0
20,2016-01-30-142,2.0
21,2016-01-30-142,1.0
22,2016-01-30-142,13.0
23,2016-01-30-142,13.0
24,2016-01-30-142,3.0
25,2016-01-30-142,1.0
26,2016-01-30-142,0.0
27,2016-01-30-142,4.0
28,2016-01-30-142,4.0
29,2016-01-30-142,1.0
30,2016-01-30-142,0.0
31,2016-01-30-142,1.0
32,2016-01-30-142,0.0
33,2016-01-30-142,0.0
34,2016-01-30-142,0.0
35,2016-01-30-142,0.0
36,2016-01-30-142,0.0
37,2016-01-30-142,6.0
38,2016-01-30-142,1.0
39,2016-01-30-142,1.0
40,2016-01-30-142,1.0
41,2016-01-30-142,0.0
42,2016-01-30-142,2.0
43,2016-01-30-142,0.0
44,2016-01-30-142,0.0
45,2016-01-30-142,0.0
46,2016-01-30-142,2.0
47,2016-01-30-142,1.0
48,2016-01-30-142,9.0
49,2016-01-30-142,0.0
50,2016-01-30-142,0.0
51,2016-01-30-142,126.0
52,2016-01-30-142,0.0
53,2016-01-30-142,0.0
54,2016-01-30-142,0.0
55,2016-01-30-142,0.0
56,2016-01-30-142,0.0
57,2016-01-30-142,0.0
58,2016-01-30-142,0.0
59,2016-01-30-142,0.0
60,2016-01-30-142,0.0
61,2016-01-30-142,0.0
62,2016-01-30-142,0.0
63,2016-01-30-142,0.0
64,2016-01-30-142,0.0
65,2016-01-30-142,0.0
66,2016-01-30-142,0.0
